Created by PLY version 3.11 (http://www.dabeaz.com/ply)

Unused terminals:

    AMPERSAND
    AND_NOT
    BIT_OR
    BIT_XOR
    CONST
    FMT
    FOR
    LBRACKET
    LSHIFT
    MAIN
    PRINTLN
    RBRACKET
    RETURN
    RSHIFT
    RSHIFT_ASSIGN
    SUMAR
    TYPE

Grammar

Rule 0     S' -> program
Rule 1     program -> top_declaration_list
Rule 2     top_declaration_list -> top_declaration top_declaration_list
Rule 3     top_declaration_list -> top_declaration
Rule 4     top_declaration_list -> empty
Rule 5     top_declaration -> PACKAGE ID
Rule 6     top_declaration -> IMPORT STRING_LITERAL
Rule 7     top_declaration -> FUNC ID LPAREN param_list RPAREN func_return LBRACE statement_list RBRACE
Rule 8     func_return -> type_spec
Rule 9     func_return -> empty
Rule 10    param_list -> param COMMA param_list
Rule 11    param_list -> param
Rule 12    param_list -> empty
Rule 13    param -> ID type_spec
Rule 14    statement_list -> statement statement_list
Rule 15    statement_list -> empty
Rule 16    statement -> VAR ID type_spec ASSIGN expression SEMI_OPTIONAL
Rule 17    statement -> VAR ID type_spec SEMI_OPTIONAL
Rule 18    statement -> ID DECLARE_ASSIGN expression SEMI_OPTIONAL
Rule 19    statement -> ID ASSIGN expression SEMI_OPTIONAL
Rule 20    statement -> assign_statement SEMI_OPTIONAL
Rule 21    statement -> control_structure
Rule 22    statement -> expression SEMI_OPTIONAL
Rule 23    statement -> SEMI
Rule 24    type_spec -> INT_TYPE
Rule 25    type_spec -> FLOAT_TYPE
Rule 26    type_spec -> STRING_TYPE
Rule 27    type_spec -> BOOL_TYPE
Rule 28    control_structure -> IF expression LBRACE statement_list RBRACE else_part
Rule 29    else_part -> ELSE LBRACE statement_list RBRACE
Rule 30    else_part -> empty
Rule 31    arg_list -> expression COMMA arg_list
Rule 32    arg_list -> expression
Rule 33    arg_list -> empty
Rule 34    expression -> expression PLUS expression
Rule 35    expression -> expression MINUS expression
Rule 36    expression -> expression TIMES expression
Rule 37    expression -> expression DIVIDE expression
Rule 38    expression -> expression MODULO expression
Rule 39    expression -> expression OR expression
Rule 40    expression -> expression AND expression
Rule 41    expression -> expression EQ expression
Rule 42    expression -> expression NE expression
Rule 43    expression -> expression LT expression
Rule 44    expression -> expression LE expression
Rule 45    expression -> expression GT expression
Rule 46    expression -> expression GE expression
Rule 47    expression -> MINUS expression
Rule 48    expression -> NOT expression
Rule 49    expression -> factor
Rule 50    assign_statement -> ID LSHIFT_ASSIGN expression
Rule 51    assign_statement -> ID PLUS_ASSIGN expression
Rule 52    assign_statement -> ID MINUS_ASSIGN expression
Rule 53    assign_statement -> ID TIMES_ASSIGN expression
Rule 54    assign_statement -> ID DIVIDE_ASSIGN expression
Rule 55    assign_statement -> ID MOD_ASSIGN expression
Rule 56    assign_statement -> ID AND_ASSIGN expression
Rule 57    assign_statement -> ID OR_ASSIGN expression
Rule 58    assign_statement -> ID XOR_ASSIGN expression
Rule 59    SEMI_OPTIONAL -> SEMI
Rule 60    SEMI_OPTIONAL -> empty
Rule 61    factor -> INTEGER
Rule 62    factor -> FLOAT
Rule 63    factor -> STRING_LITERAL
Rule 64    factor -> RAW_STRING
Rule 65    factor -> BOOL_LITERAL
Rule 66    factor -> ID
Rule 67    factor -> ID DOT ID LPAREN arg_list RPAREN
Rule 68    factor -> LPAREN expression RPAREN
Rule 69    empty -> <empty>

Terminals, with rules where they appear

AMPERSAND            : 
AND                  : 40
AND_ASSIGN           : 56
AND_NOT              : 
ASSIGN               : 16 19
BIT_OR               : 
BIT_XOR              : 
BOOL_LITERAL         : 65
BOOL_TYPE            : 27
COMMA                : 10 31
CONST                : 
DECLARE_ASSIGN       : 18
DIVIDE               : 37
DIVIDE_ASSIGN        : 54
DOT                  : 67
ELSE                 : 29
EQ                   : 41
FLOAT                : 62
FLOAT_TYPE           : 25
FMT                  : 
FOR                  : 
FUNC                 : 7
GE                   : 46
GT                   : 45
ID                   : 5 7 13 16 17 18 19 50 51 52 53 54 55 56 57 58 66 67 67
IF                   : 28
IMPORT               : 6
INTEGER              : 61
INT_TYPE             : 24
LBRACE               : 7 28 29
LBRACKET             : 
LE                   : 44
LPAREN               : 7 67 68
LSHIFT               : 
LSHIFT_ASSIGN        : 50
LT                   : 43
MAIN                 : 
MINUS                : 35 47
MINUS_ASSIGN         : 52
MODULO               : 38
MOD_ASSIGN           : 55
NE                   : 42
NOT                  : 48
OR                   : 39
OR_ASSIGN            : 57
PACKAGE              : 5
PLUS                 : 34
PLUS_ASSIGN          : 51
PRINTLN              : 
RAW_STRING           : 64
RBRACE               : 7 28 29
RBRACKET             : 
RETURN               : 
RPAREN               : 7 67 68
RSHIFT               : 
RSHIFT_ASSIGN        : 
SEMI                 : 23 59
STRING_LITERAL       : 6 63
STRING_TYPE          : 26
SUMAR                : 
TIMES                : 36
TIMES_ASSIGN         : 53
TYPE                 : 
VAR                  : 16 17
XOR_ASSIGN           : 58
error                : 

Nonterminals, with rules where they appear

SEMI_OPTIONAL        : 16 17 18 19 20 22
arg_list             : 31 67
assign_statement     : 20
control_structure    : 21
else_part            : 28
empty                : 4 9 12 15 30 33 60
expression           : 16 18 19 22 28 31 32 34 34 35 35 36 36 37 37 38 38 39 39 40 40 41 41 42 42 43 43 44 44 45 45 46 46 47 48 50 51 52 53 54 55 56 57 58 68
factor               : 49
func_return          : 7
param                : 10 11
param_list           : 7 10
program              : 0
statement            : 14
statement_list       : 7 14 28 29
top_declaration      : 2 3
top_declaration_list : 1 2
type_spec            : 8 13 16 17

Parsing method: LALR

state 0

    (0) S' -> . program
    (1) program -> . top_declaration_list
    (2) top_declaration_list -> . top_declaration top_declaration_list
    (3) top_declaration_list -> . top_declaration
    (4) top_declaration_list -> . empty
    (5) top_declaration -> . PACKAGE ID
    (6) top_declaration -> . IMPORT STRING_LITERAL
    (7) top_declaration -> . FUNC ID LPAREN param_list RPAREN func_return LBRACE statement_list RBRACE
    (69) empty -> .

    PACKAGE         shift and go to state 5
    IMPORT          shift and go to state 6
    FUNC            shift and go to state 7
    $end            reduce using rule 69 (empty -> .)

    program                        shift and go to state 1
    top_declaration_list           shift and go to state 2
    top_declaration                shift and go to state 3
    empty                          shift and go to state 4

state 1

    (0) S' -> program .



state 2

    (1) program -> top_declaration_list .

    $end            reduce using rule 1 (program -> top_declaration_list .)


state 3

    (2) top_declaration_list -> top_declaration . top_declaration_list
    (3) top_declaration_list -> top_declaration .
    (2) top_declaration_list -> . top_declaration top_declaration_list
    (3) top_declaration_list -> . top_declaration
    (4) top_declaration_list -> . empty
    (5) top_declaration -> . PACKAGE ID
    (6) top_declaration -> . IMPORT STRING_LITERAL
    (7) top_declaration -> . FUNC ID LPAREN param_list RPAREN func_return LBRACE statement_list RBRACE
    (69) empty -> .

  ! reduce/reduce conflict for $end resolved using rule 3 (top_declaration_list -> top_declaration .)
    $end            reduce using rule 3 (top_declaration_list -> top_declaration .)
    PACKAGE         shift and go to state 5
    IMPORT          shift and go to state 6
    FUNC            shift and go to state 7

  ! $end            [ reduce using rule 69 (empty -> .) ]

    top_declaration                shift and go to state 3
    top_declaration_list           shift and go to state 8
    empty                          shift and go to state 4

state 4

    (4) top_declaration_list -> empty .

    $end            reduce using rule 4 (top_declaration_list -> empty .)


state 5

    (5) top_declaration -> PACKAGE . ID

    ID              shift and go to state 9


state 6

    (6) top_declaration -> IMPORT . STRING_LITERAL

    STRING_LITERAL  shift and go to state 10


state 7

    (7) top_declaration -> FUNC . ID LPAREN param_list RPAREN func_return LBRACE statement_list RBRACE

    ID              shift and go to state 11


state 8

    (2) top_declaration_list -> top_declaration top_declaration_list .

    $end            reduce using rule 2 (top_declaration_list -> top_declaration top_declaration_list .)


state 9

    (5) top_declaration -> PACKAGE ID .

    PACKAGE         reduce using rule 5 (top_declaration -> PACKAGE ID .)
    IMPORT          reduce using rule 5 (top_declaration -> PACKAGE ID .)
    FUNC            reduce using rule 5 (top_declaration -> PACKAGE ID .)
    $end            reduce using rule 5 (top_declaration -> PACKAGE ID .)


state 10

    (6) top_declaration -> IMPORT STRING_LITERAL .

    PACKAGE         reduce using rule 6 (top_declaration -> IMPORT STRING_LITERAL .)
    IMPORT          reduce using rule 6 (top_declaration -> IMPORT STRING_LITERAL .)
    FUNC            reduce using rule 6 (top_declaration -> IMPORT STRING_LITERAL .)
    $end            reduce using rule 6 (top_declaration -> IMPORT STRING_LITERAL .)


state 11

    (7) top_declaration -> FUNC ID . LPAREN param_list RPAREN func_return LBRACE statement_list RBRACE

    LPAREN          shift and go to state 12


state 12

    (7) top_declaration -> FUNC ID LPAREN . param_list RPAREN func_return LBRACE statement_list RBRACE
    (10) param_list -> . param COMMA param_list
    (11) param_list -> . param
    (12) param_list -> . empty
    (13) param -> . ID type_spec
    (69) empty -> .

    ID              shift and go to state 13
    RPAREN          reduce using rule 69 (empty -> .)

    param_list                     shift and go to state 14
    param                          shift and go to state 15
    empty                          shift and go to state 16

state 13

    (13) param -> ID . type_spec
    (24) type_spec -> . INT_TYPE
    (25) type_spec -> . FLOAT_TYPE
    (26) type_spec -> . STRING_TYPE
    (27) type_spec -> . BOOL_TYPE

    INT_TYPE        shift and go to state 18
    FLOAT_TYPE      shift and go to state 19
    STRING_TYPE     shift and go to state 20
    BOOL_TYPE       shift and go to state 21

    type_spec                      shift and go to state 17

state 14

    (7) top_declaration -> FUNC ID LPAREN param_list . RPAREN func_return LBRACE statement_list RBRACE

    RPAREN          shift and go to state 22


state 15

    (10) param_list -> param . COMMA param_list
    (11) param_list -> param .

    COMMA           shift and go to state 23
    RPAREN          reduce using rule 11 (param_list -> param .)


state 16

    (12) param_list -> empty .

    RPAREN          reduce using rule 12 (param_list -> empty .)


state 17

    (13) param -> ID type_spec .

    COMMA           reduce using rule 13 (param -> ID type_spec .)
    RPAREN          reduce using rule 13 (param -> ID type_spec .)


state 18

    (24) type_spec -> INT_TYPE .

    COMMA           reduce using rule 24 (type_spec -> INT_TYPE .)
    RPAREN          reduce using rule 24 (type_spec -> INT_TYPE .)
    LBRACE          reduce using rule 24 (type_spec -> INT_TYPE .)
    ASSIGN          reduce using rule 24 (type_spec -> INT_TYPE .)
    SEMI            reduce using rule 24 (type_spec -> INT_TYPE .)
    VAR             reduce using rule 24 (type_spec -> INT_TYPE .)
    ID              reduce using rule 24 (type_spec -> INT_TYPE .)
    IF              reduce using rule 24 (type_spec -> INT_TYPE .)
    MINUS           reduce using rule 24 (type_spec -> INT_TYPE .)
    NOT             reduce using rule 24 (type_spec -> INT_TYPE .)
    INTEGER         reduce using rule 24 (type_spec -> INT_TYPE .)
    FLOAT           reduce using rule 24 (type_spec -> INT_TYPE .)
    STRING_LITERAL  reduce using rule 24 (type_spec -> INT_TYPE .)
    RAW_STRING      reduce using rule 24 (type_spec -> INT_TYPE .)
    BOOL_LITERAL    reduce using rule 24 (type_spec -> INT_TYPE .)
    LPAREN          reduce using rule 24 (type_spec -> INT_TYPE .)
    RBRACE          reduce using rule 24 (type_spec -> INT_TYPE .)


state 19

    (25) type_spec -> FLOAT_TYPE .

    COMMA           reduce using rule 25 (type_spec -> FLOAT_TYPE .)
    RPAREN          reduce using rule 25 (type_spec -> FLOAT_TYPE .)
    LBRACE          reduce using rule 25 (type_spec -> FLOAT_TYPE .)
    ASSIGN          reduce using rule 25 (type_spec -> FLOAT_TYPE .)
    SEMI            reduce using rule 25 (type_spec -> FLOAT_TYPE .)
    VAR             reduce using rule 25 (type_spec -> FLOAT_TYPE .)
    ID              reduce using rule 25 (type_spec -> FLOAT_TYPE .)
    IF              reduce using rule 25 (type_spec -> FLOAT_TYPE .)
    MINUS           reduce using rule 25 (type_spec -> FLOAT_TYPE .)
    NOT             reduce using rule 25 (type_spec -> FLOAT_TYPE .)
    INTEGER         reduce using rule 25 (type_spec -> FLOAT_TYPE .)
    FLOAT           reduce using rule 25 (type_spec -> FLOAT_TYPE .)
    STRING_LITERAL  reduce using rule 25 (type_spec -> FLOAT_TYPE .)
    RAW_STRING      reduce using rule 25 (type_spec -> FLOAT_TYPE .)
    BOOL_LITERAL    reduce using rule 25 (type_spec -> FLOAT_TYPE .)
    LPAREN          reduce using rule 25 (type_spec -> FLOAT_TYPE .)
    RBRACE          reduce using rule 25 (type_spec -> FLOAT_TYPE .)


state 20

    (26) type_spec -> STRING_TYPE .

    COMMA           reduce using rule 26 (type_spec -> STRING_TYPE .)
    RPAREN          reduce using rule 26 (type_spec -> STRING_TYPE .)
    LBRACE          reduce using rule 26 (type_spec -> STRING_TYPE .)
    ASSIGN          reduce using rule 26 (type_spec -> STRING_TYPE .)
    SEMI            reduce using rule 26 (type_spec -> STRING_TYPE .)
    VAR             reduce using rule 26 (type_spec -> STRING_TYPE .)
    ID              reduce using rule 26 (type_spec -> STRING_TYPE .)
    IF              reduce using rule 26 (type_spec -> STRING_TYPE .)
    MINUS           reduce using rule 26 (type_spec -> STRING_TYPE .)
    NOT             reduce using rule 26 (type_spec -> STRING_TYPE .)
    INTEGER         reduce using rule 26 (type_spec -> STRING_TYPE .)
    FLOAT           reduce using rule 26 (type_spec -> STRING_TYPE .)
    STRING_LITERAL  reduce using rule 26 (type_spec -> STRING_TYPE .)
    RAW_STRING      reduce using rule 26 (type_spec -> STRING_TYPE .)
    BOOL_LITERAL    reduce using rule 26 (type_spec -> STRING_TYPE .)
    LPAREN          reduce using rule 26 (type_spec -> STRING_TYPE .)
    RBRACE          reduce using rule 26 (type_spec -> STRING_TYPE .)


state 21

    (27) type_spec -> BOOL_TYPE .

    COMMA           reduce using rule 27 (type_spec -> BOOL_TYPE .)
    RPAREN          reduce using rule 27 (type_spec -> BOOL_TYPE .)
    LBRACE          reduce using rule 27 (type_spec -> BOOL_TYPE .)
    ASSIGN          reduce using rule 27 (type_spec -> BOOL_TYPE .)
    SEMI            reduce using rule 27 (type_spec -> BOOL_TYPE .)
    VAR             reduce using rule 27 (type_spec -> BOOL_TYPE .)
    ID              reduce using rule 27 (type_spec -> BOOL_TYPE .)
    IF              reduce using rule 27 (type_spec -> BOOL_TYPE .)
    MINUS           reduce using rule 27 (type_spec -> BOOL_TYPE .)
    NOT             reduce using rule 27 (type_spec -> BOOL_TYPE .)
    INTEGER         reduce using rule 27 (type_spec -> BOOL_TYPE .)
    FLOAT           reduce using rule 27 (type_spec -> BOOL_TYPE .)
    STRING_LITERAL  reduce using rule 27 (type_spec -> BOOL_TYPE .)
    RAW_STRING      reduce using rule 27 (type_spec -> BOOL_TYPE .)
    BOOL_LITERAL    reduce using rule 27 (type_spec -> BOOL_TYPE .)
    LPAREN          reduce using rule 27 (type_spec -> BOOL_TYPE .)
    RBRACE          reduce using rule 27 (type_spec -> BOOL_TYPE .)


state 22

    (7) top_declaration -> FUNC ID LPAREN param_list RPAREN . func_return LBRACE statement_list RBRACE
    (8) func_return -> . type_spec
    (9) func_return -> . empty
    (24) type_spec -> . INT_TYPE
    (25) type_spec -> . FLOAT_TYPE
    (26) type_spec -> . STRING_TYPE
    (27) type_spec -> . BOOL_TYPE
    (69) empty -> .

    INT_TYPE        shift and go to state 18
    FLOAT_TYPE      shift and go to state 19
    STRING_TYPE     shift and go to state 20
    BOOL_TYPE       shift and go to state 21
    LBRACE          reduce using rule 69 (empty -> .)

    func_return                    shift and go to state 24
    type_spec                      shift and go to state 25
    empty                          shift and go to state 26

state 23

    (10) param_list -> param COMMA . param_list
    (10) param_list -> . param COMMA param_list
    (11) param_list -> . param
    (12) param_list -> . empty
    (13) param -> . ID type_spec
    (69) empty -> .

    ID              shift and go to state 13
    RPAREN          reduce using rule 69 (empty -> .)

    param                          shift and go to state 15
    param_list                     shift and go to state 27
    empty                          shift and go to state 16

state 24

    (7) top_declaration -> FUNC ID LPAREN param_list RPAREN func_return . LBRACE statement_list RBRACE

    LBRACE          shift and go to state 28


state 25

    (8) func_return -> type_spec .

    LBRACE          reduce using rule 8 (func_return -> type_spec .)


state 26

    (9) func_return -> empty .

    LBRACE          reduce using rule 9 (func_return -> empty .)


state 27

    (10) param_list -> param COMMA param_list .

    RPAREN          reduce using rule 10 (param_list -> param COMMA param_list .)


state 28

    (7) top_declaration -> FUNC ID LPAREN param_list RPAREN func_return LBRACE . statement_list RBRACE
    (14) statement_list -> . statement statement_list
    (15) statement_list -> . empty
    (16) statement -> . VAR ID type_spec ASSIGN expression SEMI_OPTIONAL
    (17) statement -> . VAR ID type_spec SEMI_OPTIONAL
    (18) statement -> . ID DECLARE_ASSIGN expression SEMI_OPTIONAL
    (19) statement -> . ID ASSIGN expression SEMI_OPTIONAL
    (20) statement -> . assign_statement SEMI_OPTIONAL
    (21) statement -> . control_structure
    (22) statement -> . expression SEMI_OPTIONAL
    (23) statement -> . SEMI
    (69) empty -> .
    (50) assign_statement -> . ID LSHIFT_ASSIGN expression
    (51) assign_statement -> . ID PLUS_ASSIGN expression
    (52) assign_statement -> . ID MINUS_ASSIGN expression
    (53) assign_statement -> . ID TIMES_ASSIGN expression
    (54) assign_statement -> . ID DIVIDE_ASSIGN expression
    (55) assign_statement -> . ID MOD_ASSIGN expression
    (56) assign_statement -> . ID AND_ASSIGN expression
    (57) assign_statement -> . ID OR_ASSIGN expression
    (58) assign_statement -> . ID XOR_ASSIGN expression
    (28) control_structure -> . IF expression LBRACE statement_list RBRACE else_part
    (34) expression -> . expression PLUS expression
    (35) expression -> . expression MINUS expression
    (36) expression -> . expression TIMES expression
    (37) expression -> . expression DIVIDE expression
    (38) expression -> . expression MODULO expression
    (39) expression -> . expression OR expression
    (40) expression -> . expression AND expression
    (41) expression -> . expression EQ expression
    (42) expression -> . expression NE expression
    (43) expression -> . expression LT expression
    (44) expression -> . expression LE expression
    (45) expression -> . expression GT expression
    (46) expression -> . expression GE expression
    (47) expression -> . MINUS expression
    (48) expression -> . NOT expression
    (49) expression -> . factor
    (61) factor -> . INTEGER
    (62) factor -> . FLOAT
    (63) factor -> . STRING_LITERAL
    (64) factor -> . RAW_STRING
    (65) factor -> . BOOL_LITERAL
    (66) factor -> . ID
    (67) factor -> . ID DOT ID LPAREN arg_list RPAREN
    (68) factor -> . LPAREN expression RPAREN

    VAR             shift and go to state 34
    ID              shift and go to state 29
    SEMI            shift and go to state 38
    RBRACE          reduce using rule 69 (empty -> .)
    IF              shift and go to state 39
    MINUS           shift and go to state 40
    NOT             shift and go to state 41
    INTEGER         shift and go to state 43
    FLOAT           shift and go to state 44
    STRING_LITERAL  shift and go to state 45
    RAW_STRING      shift and go to state 46
    BOOL_LITERAL    shift and go to state 47
    LPAREN          shift and go to state 30

    statement_list                 shift and go to state 31
    statement                      shift and go to state 32
    empty                          shift and go to state 33
    expression                     shift and go to state 35
    assign_statement               shift and go to state 36
    control_structure              shift and go to state 37
    factor                         shift and go to state 42

state 29

    (18) statement -> ID . DECLARE_ASSIGN expression SEMI_OPTIONAL
    (19) statement -> ID . ASSIGN expression SEMI_OPTIONAL
    (50) assign_statement -> ID . LSHIFT_ASSIGN expression
    (51) assign_statement -> ID . PLUS_ASSIGN expression
    (52) assign_statement -> ID . MINUS_ASSIGN expression
    (53) assign_statement -> ID . TIMES_ASSIGN expression
    (54) assign_statement -> ID . DIVIDE_ASSIGN expression
    (55) assign_statement -> ID . MOD_ASSIGN expression
    (56) assign_statement -> ID . AND_ASSIGN expression
    (57) assign_statement -> ID . OR_ASSIGN expression
    (58) assign_statement -> ID . XOR_ASSIGN expression
    (66) factor -> ID .
    (67) factor -> ID . DOT ID LPAREN arg_list RPAREN

    DECLARE_ASSIGN  shift and go to state 48
    ASSIGN          shift and go to state 49
    LSHIFT_ASSIGN   shift and go to state 50
    PLUS_ASSIGN     shift and go to state 51
    MINUS_ASSIGN    shift and go to state 52
    TIMES_ASSIGN    shift and go to state 53
    DIVIDE_ASSIGN   shift and go to state 54
    MOD_ASSIGN      shift and go to state 55
    AND_ASSIGN      shift and go to state 56
    OR_ASSIGN       shift and go to state 57
    XOR_ASSIGN      shift and go to state 58
    PLUS            reduce using rule 66 (factor -> ID .)
    MINUS           reduce using rule 66 (factor -> ID .)
    TIMES           reduce using rule 66 (factor -> ID .)
    DIVIDE          reduce using rule 66 (factor -> ID .)
    MODULO          reduce using rule 66 (factor -> ID .)
    OR              reduce using rule 66 (factor -> ID .)
    AND             reduce using rule 66 (factor -> ID .)
    EQ              reduce using rule 66 (factor -> ID .)
    NE              reduce using rule 66 (factor -> ID .)
    LT              reduce using rule 66 (factor -> ID .)
    LE              reduce using rule 66 (factor -> ID .)
    GT              reduce using rule 66 (factor -> ID .)
    GE              reduce using rule 66 (factor -> ID .)
    SEMI            reduce using rule 66 (factor -> ID .)
    VAR             reduce using rule 66 (factor -> ID .)
    ID              reduce using rule 66 (factor -> ID .)
    IF              reduce using rule 66 (factor -> ID .)
    NOT             reduce using rule 66 (factor -> ID .)
    INTEGER         reduce using rule 66 (factor -> ID .)
    FLOAT           reduce using rule 66 (factor -> ID .)
    STRING_LITERAL  reduce using rule 66 (factor -> ID .)
    RAW_STRING      reduce using rule 66 (factor -> ID .)
    BOOL_LITERAL    reduce using rule 66 (factor -> ID .)
    LPAREN          reduce using rule 66 (factor -> ID .)
    RBRACE          reduce using rule 66 (factor -> ID .)
    DOT             shift and go to state 59


state 30

    (68) factor -> LPAREN . expression RPAREN
    (34) expression -> . expression PLUS expression
    (35) expression -> . expression MINUS expression
    (36) expression -> . expression TIMES expression
    (37) expression -> . expression DIVIDE expression
    (38) expression -> . expression MODULO expression
    (39) expression -> . expression OR expression
    (40) expression -> . expression AND expression
    (41) expression -> . expression EQ expression
    (42) expression -> . expression NE expression
    (43) expression -> . expression LT expression
    (44) expression -> . expression LE expression
    (45) expression -> . expression GT expression
    (46) expression -> . expression GE expression
    (47) expression -> . MINUS expression
    (48) expression -> . NOT expression
    (49) expression -> . factor
    (61) factor -> . INTEGER
    (62) factor -> . FLOAT
    (63) factor -> . STRING_LITERAL
    (64) factor -> . RAW_STRING
    (65) factor -> . BOOL_LITERAL
    (66) factor -> . ID
    (67) factor -> . ID DOT ID LPAREN arg_list RPAREN
    (68) factor -> . LPAREN expression RPAREN

    MINUS           shift and go to state 40
    NOT             shift and go to state 41
    INTEGER         shift and go to state 43
    FLOAT           shift and go to state 44
    STRING_LITERAL  shift and go to state 45
    RAW_STRING      shift and go to state 46
    BOOL_LITERAL    shift and go to state 47
    ID              shift and go to state 61
    LPAREN          shift and go to state 30

    expression                     shift and go to state 60
    factor                         shift and go to state 42

state 31

    (7) top_declaration -> FUNC ID LPAREN param_list RPAREN func_return LBRACE statement_list . RBRACE

    RBRACE          shift and go to state 62


state 32

    (14) statement_list -> statement . statement_list
    (14) statement_list -> . statement statement_list
    (15) statement_list -> . empty
    (16) statement -> . VAR ID type_spec ASSIGN expression SEMI_OPTIONAL
    (17) statement -> . VAR ID type_spec SEMI_OPTIONAL
    (18) statement -> . ID DECLARE_ASSIGN expression SEMI_OPTIONAL
    (19) statement -> . ID ASSIGN expression SEMI_OPTIONAL
    (20) statement -> . assign_statement SEMI_OPTIONAL
    (21) statement -> . control_structure
    (22) statement -> . expression SEMI_OPTIONAL
    (23) statement -> . SEMI
    (69) empty -> .
    (50) assign_statement -> . ID LSHIFT_ASSIGN expression
    (51) assign_statement -> . ID PLUS_ASSIGN expression
    (52) assign_statement -> . ID MINUS_ASSIGN expression
    (53) assign_statement -> . ID TIMES_ASSIGN expression
    (54) assign_statement -> . ID DIVIDE_ASSIGN expression
    (55) assign_statement -> . ID MOD_ASSIGN expression
    (56) assign_statement -> . ID AND_ASSIGN expression
    (57) assign_statement -> . ID OR_ASSIGN expression
    (58) assign_statement -> . ID XOR_ASSIGN expression
    (28) control_structure -> . IF expression LBRACE statement_list RBRACE else_part
    (34) expression -> . expression PLUS expression
    (35) expression -> . expression MINUS expression
    (36) expression -> . expression TIMES expression
    (37) expression -> . expression DIVIDE expression
    (38) expression -> . expression MODULO expression
    (39) expression -> . expression OR expression
    (40) expression -> . expression AND expression
    (41) expression -> . expression EQ expression
    (42) expression -> . expression NE expression
    (43) expression -> . expression LT expression
    (44) expression -> . expression LE expression
    (45) expression -> . expression GT expression
    (46) expression -> . expression GE expression
    (47) expression -> . MINUS expression
    (48) expression -> . NOT expression
    (49) expression -> . factor
    (61) factor -> . INTEGER
    (62) factor -> . FLOAT
    (63) factor -> . STRING_LITERAL
    (64) factor -> . RAW_STRING
    (65) factor -> . BOOL_LITERAL
    (66) factor -> . ID
    (67) factor -> . ID DOT ID LPAREN arg_list RPAREN
    (68) factor -> . LPAREN expression RPAREN

    VAR             shift and go to state 34
    ID              shift and go to state 29
    SEMI            shift and go to state 38
    RBRACE          reduce using rule 69 (empty -> .)
    IF              shift and go to state 39
    MINUS           shift and go to state 40
    NOT             shift and go to state 41
    INTEGER         shift and go to state 43
    FLOAT           shift and go to state 44
    STRING_LITERAL  shift and go to state 45
    RAW_STRING      shift and go to state 46
    BOOL_LITERAL    shift and go to state 47
    LPAREN          shift and go to state 30

    statement                      shift and go to state 32
    statement_list                 shift and go to state 63
    empty                          shift and go to state 33
    expression                     shift and go to state 35
    assign_statement               shift and go to state 36
    control_structure              shift and go to state 37
    factor                         shift and go to state 42

state 33

    (15) statement_list -> empty .

    RBRACE          reduce using rule 15 (statement_list -> empty .)


state 34

    (16) statement -> VAR . ID type_spec ASSIGN expression SEMI_OPTIONAL
    (17) statement -> VAR . ID type_spec SEMI_OPTIONAL

    ID              shift and go to state 64


state 35

    (22) statement -> expression . SEMI_OPTIONAL
    (34) expression -> expression . PLUS expression
    (35) expression -> expression . MINUS expression
    (36) expression -> expression . TIMES expression
    (37) expression -> expression . DIVIDE expression
    (38) expression -> expression . MODULO expression
    (39) expression -> expression . OR expression
    (40) expression -> expression . AND expression
    (41) expression -> expression . EQ expression
    (42) expression -> expression . NE expression
    (43) expression -> expression . LT expression
    (44) expression -> expression . LE expression
    (45) expression -> expression . GT expression
    (46) expression -> expression . GE expression
    (59) SEMI_OPTIONAL -> . SEMI
    (60) SEMI_OPTIONAL -> . empty
    (69) empty -> .

  ! shift/reduce conflict for SEMI resolved as shift
  ! shift/reduce conflict for MINUS resolved as shift
    PLUS            shift and go to state 66
    MINUS           shift and go to state 67
    TIMES           shift and go to state 68
    DIVIDE          shift and go to state 69
    MODULO          shift and go to state 70
    OR              shift and go to state 71
    AND             shift and go to state 72
    EQ              shift and go to state 73
    NE              shift and go to state 74
    LT              shift and go to state 75
    LE              shift and go to state 76
    GT              shift and go to state 77
    GE              shift and go to state 78
    SEMI            shift and go to state 79
    VAR             reduce using rule 69 (empty -> .)
    ID              reduce using rule 69 (empty -> .)
    IF              reduce using rule 69 (empty -> .)
    NOT             reduce using rule 69 (empty -> .)
    INTEGER         reduce using rule 69 (empty -> .)
    FLOAT           reduce using rule 69 (empty -> .)
    STRING_LITERAL  reduce using rule 69 (empty -> .)
    RAW_STRING      reduce using rule 69 (empty -> .)
    BOOL_LITERAL    reduce using rule 69 (empty -> .)
    LPAREN          reduce using rule 69 (empty -> .)
    RBRACE          reduce using rule 69 (empty -> .)

  ! SEMI            [ reduce using rule 69 (empty -> .) ]
  ! MINUS           [ reduce using rule 69 (empty -> .) ]

    SEMI_OPTIONAL                  shift and go to state 65
    empty                          shift and go to state 80

state 36

    (20) statement -> assign_statement . SEMI_OPTIONAL
    (59) SEMI_OPTIONAL -> . SEMI
    (60) SEMI_OPTIONAL -> . empty
    (69) empty -> .

  ! shift/reduce conflict for SEMI resolved as shift
    SEMI            shift and go to state 79
    VAR             reduce using rule 69 (empty -> .)
    ID              reduce using rule 69 (empty -> .)
    IF              reduce using rule 69 (empty -> .)
    MINUS           reduce using rule 69 (empty -> .)
    NOT             reduce using rule 69 (empty -> .)
    INTEGER         reduce using rule 69 (empty -> .)
    FLOAT           reduce using rule 69 (empty -> .)
    STRING_LITERAL  reduce using rule 69 (empty -> .)
    RAW_STRING      reduce using rule 69 (empty -> .)
    BOOL_LITERAL    reduce using rule 69 (empty -> .)
    LPAREN          reduce using rule 69 (empty -> .)
    RBRACE          reduce using rule 69 (empty -> .)

  ! SEMI            [ reduce using rule 69 (empty -> .) ]

    SEMI_OPTIONAL                  shift and go to state 81
    empty                          shift and go to state 80

state 37

    (21) statement -> control_structure .

    VAR             reduce using rule 21 (statement -> control_structure .)
    ID              reduce using rule 21 (statement -> control_structure .)
    SEMI            reduce using rule 21 (statement -> control_structure .)
    IF              reduce using rule 21 (statement -> control_structure .)
    MINUS           reduce using rule 21 (statement -> control_structure .)
    NOT             reduce using rule 21 (statement -> control_structure .)
    INTEGER         reduce using rule 21 (statement -> control_structure .)
    FLOAT           reduce using rule 21 (statement -> control_structure .)
    STRING_LITERAL  reduce using rule 21 (statement -> control_structure .)
    RAW_STRING      reduce using rule 21 (statement -> control_structure .)
    BOOL_LITERAL    reduce using rule 21 (statement -> control_structure .)
    LPAREN          reduce using rule 21 (statement -> control_structure .)
    RBRACE          reduce using rule 21 (statement -> control_structure .)


state 38

    (23) statement -> SEMI .

    VAR             reduce using rule 23 (statement -> SEMI .)
    ID              reduce using rule 23 (statement -> SEMI .)
    SEMI            reduce using rule 23 (statement -> SEMI .)
    IF              reduce using rule 23 (statement -> SEMI .)
    MINUS           reduce using rule 23 (statement -> SEMI .)
    NOT             reduce using rule 23 (statement -> SEMI .)
    INTEGER         reduce using rule 23 (statement -> SEMI .)
    FLOAT           reduce using rule 23 (statement -> SEMI .)
    STRING_LITERAL  reduce using rule 23 (statement -> SEMI .)
    RAW_STRING      reduce using rule 23 (statement -> SEMI .)
    BOOL_LITERAL    reduce using rule 23 (statement -> SEMI .)
    LPAREN          reduce using rule 23 (statement -> SEMI .)
    RBRACE          reduce using rule 23 (statement -> SEMI .)


state 39

    (28) control_structure -> IF . expression LBRACE statement_list RBRACE else_part
    (34) expression -> . expression PLUS expression
    (35) expression -> . expression MINUS expression
    (36) expression -> . expression TIMES expression
    (37) expression -> . expression DIVIDE expression
    (38) expression -> . expression MODULO expression
    (39) expression -> . expression OR expression
    (40) expression -> . expression AND expression
    (41) expression -> . expression EQ expression
    (42) expression -> . expression NE expression
    (43) expression -> . expression LT expression
    (44) expression -> . expression LE expression
    (45) expression -> . expression GT expression
    (46) expression -> . expression GE expression
    (47) expression -> . MINUS expression
    (48) expression -> . NOT expression
    (49) expression -> . factor
    (61) factor -> . INTEGER
    (62) factor -> . FLOAT
    (63) factor -> . STRING_LITERAL
    (64) factor -> . RAW_STRING
    (65) factor -> . BOOL_LITERAL
    (66) factor -> . ID
    (67) factor -> . ID DOT ID LPAREN arg_list RPAREN
    (68) factor -> . LPAREN expression RPAREN

    MINUS           shift and go to state 40
    NOT             shift and go to state 41
    INTEGER         shift and go to state 43
    FLOAT           shift and go to state 44
    STRING_LITERAL  shift and go to state 45
    RAW_STRING      shift and go to state 46
    BOOL_LITERAL    shift and go to state 47
    ID              shift and go to state 61
    LPAREN          shift and go to state 30

    expression                     shift and go to state 82
    factor                         shift and go to state 42

state 40

    (47) expression -> MINUS . expression
    (34) expression -> . expression PLUS expression
    (35) expression -> . expression MINUS expression
    (36) expression -> . expression TIMES expression
    (37) expression -> . expression DIVIDE expression
    (38) expression -> . expression MODULO expression
    (39) expression -> . expression OR expression
    (40) expression -> . expression AND expression
    (41) expression -> . expression EQ expression
    (42) expression -> . expression NE expression
    (43) expression -> . expression LT expression
    (44) expression -> . expression LE expression
    (45) expression -> . expression GT expression
    (46) expression -> . expression GE expression
    (47) expression -> . MINUS expression
    (48) expression -> . NOT expression
    (49) expression -> . factor
    (61) factor -> . INTEGER
    (62) factor -> . FLOAT
    (63) factor -> . STRING_LITERAL
    (64) factor -> . RAW_STRING
    (65) factor -> . BOOL_LITERAL
    (66) factor -> . ID
    (67) factor -> . ID DOT ID LPAREN arg_list RPAREN
    (68) factor -> . LPAREN expression RPAREN

    MINUS           shift and go to state 40
    NOT             shift and go to state 41
    INTEGER         shift and go to state 43
    FLOAT           shift and go to state 44
    STRING_LITERAL  shift and go to state 45
    RAW_STRING      shift and go to state 46
    BOOL_LITERAL    shift and go to state 47
    ID              shift and go to state 61
    LPAREN          shift and go to state 30

    expression                     shift and go to state 83
    factor                         shift and go to state 42

state 41

    (48) expression -> NOT . expression
    (34) expression -> . expression PLUS expression
    (35) expression -> . expression MINUS expression
    (36) expression -> . expression TIMES expression
    (37) expression -> . expression DIVIDE expression
    (38) expression -> . expression MODULO expression
    (39) expression -> . expression OR expression
    (40) expression -> . expression AND expression
    (41) expression -> . expression EQ expression
    (42) expression -> . expression NE expression
    (43) expression -> . expression LT expression
    (44) expression -> . expression LE expression
    (45) expression -> . expression GT expression
    (46) expression -> . expression GE expression
    (47) expression -> . MINUS expression
    (48) expression -> . NOT expression
    (49) expression -> . factor
    (61) factor -> . INTEGER
    (62) factor -> . FLOAT
    (63) factor -> . STRING_LITERAL
    (64) factor -> . RAW_STRING
    (65) factor -> . BOOL_LITERAL
    (66) factor -> . ID
    (67) factor -> . ID DOT ID LPAREN arg_list RPAREN
    (68) factor -> . LPAREN expression RPAREN

    MINUS           shift and go to state 40
    NOT             shift and go to state 41
    INTEGER         shift and go to state 43
    FLOAT           shift and go to state 44
    STRING_LITERAL  shift and go to state 45
    RAW_STRING      shift and go to state 46
    BOOL_LITERAL    shift and go to state 47
    ID              shift and go to state 61
    LPAREN          shift and go to state 30

    expression                     shift and go to state 84
    factor                         shift and go to state 42

state 42

    (49) expression -> factor .

    PLUS            reduce using rule 49 (expression -> factor .)
    MINUS           reduce using rule 49 (expression -> factor .)
    TIMES           reduce using rule 49 (expression -> factor .)
    DIVIDE          reduce using rule 49 (expression -> factor .)
    MODULO          reduce using rule 49 (expression -> factor .)
    OR              reduce using rule 49 (expression -> factor .)
    AND             reduce using rule 49 (expression -> factor .)
    EQ              reduce using rule 49 (expression -> factor .)
    NE              reduce using rule 49 (expression -> factor .)
    LT              reduce using rule 49 (expression -> factor .)
    LE              reduce using rule 49 (expression -> factor .)
    GT              reduce using rule 49 (expression -> factor .)
    GE              reduce using rule 49 (expression -> factor .)
    SEMI            reduce using rule 49 (expression -> factor .)
    VAR             reduce using rule 49 (expression -> factor .)
    ID              reduce using rule 49 (expression -> factor .)
    IF              reduce using rule 49 (expression -> factor .)
    NOT             reduce using rule 49 (expression -> factor .)
    INTEGER         reduce using rule 49 (expression -> factor .)
    FLOAT           reduce using rule 49 (expression -> factor .)
    STRING_LITERAL  reduce using rule 49 (expression -> factor .)
    RAW_STRING      reduce using rule 49 (expression -> factor .)
    BOOL_LITERAL    reduce using rule 49 (expression -> factor .)
    LPAREN          reduce using rule 49 (expression -> factor .)
    RBRACE          reduce using rule 49 (expression -> factor .)
    RPAREN          reduce using rule 49 (expression -> factor .)
    LBRACE          reduce using rule 49 (expression -> factor .)
    COMMA           reduce using rule 49 (expression -> factor .)


state 43

    (61) factor -> INTEGER .

    PLUS            reduce using rule 61 (factor -> INTEGER .)
    MINUS           reduce using rule 61 (factor -> INTEGER .)
    TIMES           reduce using rule 61 (factor -> INTEGER .)
    DIVIDE          reduce using rule 61 (factor -> INTEGER .)
    MODULO          reduce using rule 61 (factor -> INTEGER .)
    OR              reduce using rule 61 (factor -> INTEGER .)
    AND             reduce using rule 61 (factor -> INTEGER .)
    EQ              reduce using rule 61 (factor -> INTEGER .)
    NE              reduce using rule 61 (factor -> INTEGER .)
    LT              reduce using rule 61 (factor -> INTEGER .)
    LE              reduce using rule 61 (factor -> INTEGER .)
    GT              reduce using rule 61 (factor -> INTEGER .)
    GE              reduce using rule 61 (factor -> INTEGER .)
    SEMI            reduce using rule 61 (factor -> INTEGER .)
    VAR             reduce using rule 61 (factor -> INTEGER .)
    ID              reduce using rule 61 (factor -> INTEGER .)
    IF              reduce using rule 61 (factor -> INTEGER .)
    NOT             reduce using rule 61 (factor -> INTEGER .)
    INTEGER         reduce using rule 61 (factor -> INTEGER .)
    FLOAT           reduce using rule 61 (factor -> INTEGER .)
    STRING_LITERAL  reduce using rule 61 (factor -> INTEGER .)
    RAW_STRING      reduce using rule 61 (factor -> INTEGER .)
    BOOL_LITERAL    reduce using rule 61 (factor -> INTEGER .)
    LPAREN          reduce using rule 61 (factor -> INTEGER .)
    RBRACE          reduce using rule 61 (factor -> INTEGER .)
    RPAREN          reduce using rule 61 (factor -> INTEGER .)
    LBRACE          reduce using rule 61 (factor -> INTEGER .)
    COMMA           reduce using rule 61 (factor -> INTEGER .)


state 44

    (62) factor -> FLOAT .

    PLUS            reduce using rule 62 (factor -> FLOAT .)
    MINUS           reduce using rule 62 (factor -> FLOAT .)
    TIMES           reduce using rule 62 (factor -> FLOAT .)
    DIVIDE          reduce using rule 62 (factor -> FLOAT .)
    MODULO          reduce using rule 62 (factor -> FLOAT .)
    OR              reduce using rule 62 (factor -> FLOAT .)
    AND             reduce using rule 62 (factor -> FLOAT .)
    EQ              reduce using rule 62 (factor -> FLOAT .)
    NE              reduce using rule 62 (factor -> FLOAT .)
    LT              reduce using rule 62 (factor -> FLOAT .)
    LE              reduce using rule 62 (factor -> FLOAT .)
    GT              reduce using rule 62 (factor -> FLOAT .)
    GE              reduce using rule 62 (factor -> FLOAT .)
    SEMI            reduce using rule 62 (factor -> FLOAT .)
    VAR             reduce using rule 62 (factor -> FLOAT .)
    ID              reduce using rule 62 (factor -> FLOAT .)
    IF              reduce using rule 62 (factor -> FLOAT .)
    NOT             reduce using rule 62 (factor -> FLOAT .)
    INTEGER         reduce using rule 62 (factor -> FLOAT .)
    FLOAT           reduce using rule 62 (factor -> FLOAT .)
    STRING_LITERAL  reduce using rule 62 (factor -> FLOAT .)
    RAW_STRING      reduce using rule 62 (factor -> FLOAT .)
    BOOL_LITERAL    reduce using rule 62 (factor -> FLOAT .)
    LPAREN          reduce using rule 62 (factor -> FLOAT .)
    RBRACE          reduce using rule 62 (factor -> FLOAT .)
    RPAREN          reduce using rule 62 (factor -> FLOAT .)
    LBRACE          reduce using rule 62 (factor -> FLOAT .)
    COMMA           reduce using rule 62 (factor -> FLOAT .)


state 45

    (63) factor -> STRING_LITERAL .

    PLUS            reduce using rule 63 (factor -> STRING_LITERAL .)
    MINUS           reduce using rule 63 (factor -> STRING_LITERAL .)
    TIMES           reduce using rule 63 (factor -> STRING_LITERAL .)
    DIVIDE          reduce using rule 63 (factor -> STRING_LITERAL .)
    MODULO          reduce using rule 63 (factor -> STRING_LITERAL .)
    OR              reduce using rule 63 (factor -> STRING_LITERAL .)
    AND             reduce using rule 63 (factor -> STRING_LITERAL .)
    EQ              reduce using rule 63 (factor -> STRING_LITERAL .)
    NE              reduce using rule 63 (factor -> STRING_LITERAL .)
    LT              reduce using rule 63 (factor -> STRING_LITERAL .)
    LE              reduce using rule 63 (factor -> STRING_LITERAL .)
    GT              reduce using rule 63 (factor -> STRING_LITERAL .)
    GE              reduce using rule 63 (factor -> STRING_LITERAL .)
    SEMI            reduce using rule 63 (factor -> STRING_LITERAL .)
    VAR             reduce using rule 63 (factor -> STRING_LITERAL .)
    ID              reduce using rule 63 (factor -> STRING_LITERAL .)
    IF              reduce using rule 63 (factor -> STRING_LITERAL .)
    NOT             reduce using rule 63 (factor -> STRING_LITERAL .)
    INTEGER         reduce using rule 63 (factor -> STRING_LITERAL .)
    FLOAT           reduce using rule 63 (factor -> STRING_LITERAL .)
    STRING_LITERAL  reduce using rule 63 (factor -> STRING_LITERAL .)
    RAW_STRING      reduce using rule 63 (factor -> STRING_LITERAL .)
    BOOL_LITERAL    reduce using rule 63 (factor -> STRING_LITERAL .)
    LPAREN          reduce using rule 63 (factor -> STRING_LITERAL .)
    RBRACE          reduce using rule 63 (factor -> STRING_LITERAL .)
    RPAREN          reduce using rule 63 (factor -> STRING_LITERAL .)
    LBRACE          reduce using rule 63 (factor -> STRING_LITERAL .)
    COMMA           reduce using rule 63 (factor -> STRING_LITERAL .)


state 46

    (64) factor -> RAW_STRING .

    PLUS            reduce using rule 64 (factor -> RAW_STRING .)
    MINUS           reduce using rule 64 (factor -> RAW_STRING .)
    TIMES           reduce using rule 64 (factor -> RAW_STRING .)
    DIVIDE          reduce using rule 64 (factor -> RAW_STRING .)
    MODULO          reduce using rule 64 (factor -> RAW_STRING .)
    OR              reduce using rule 64 (factor -> RAW_STRING .)
    AND             reduce using rule 64 (factor -> RAW_STRING .)
    EQ              reduce using rule 64 (factor -> RAW_STRING .)
    NE              reduce using rule 64 (factor -> RAW_STRING .)
    LT              reduce using rule 64 (factor -> RAW_STRING .)
    LE              reduce using rule 64 (factor -> RAW_STRING .)
    GT              reduce using rule 64 (factor -> RAW_STRING .)
    GE              reduce using rule 64 (factor -> RAW_STRING .)
    SEMI            reduce using rule 64 (factor -> RAW_STRING .)
    VAR             reduce using rule 64 (factor -> RAW_STRING .)
    ID              reduce using rule 64 (factor -> RAW_STRING .)
    IF              reduce using rule 64 (factor -> RAW_STRING .)
    NOT             reduce using rule 64 (factor -> RAW_STRING .)
    INTEGER         reduce using rule 64 (factor -> RAW_STRING .)
    FLOAT           reduce using rule 64 (factor -> RAW_STRING .)
    STRING_LITERAL  reduce using rule 64 (factor -> RAW_STRING .)
    RAW_STRING      reduce using rule 64 (factor -> RAW_STRING .)
    BOOL_LITERAL    reduce using rule 64 (factor -> RAW_STRING .)
    LPAREN          reduce using rule 64 (factor -> RAW_STRING .)
    RBRACE          reduce using rule 64 (factor -> RAW_STRING .)
    RPAREN          reduce using rule 64 (factor -> RAW_STRING .)
    LBRACE          reduce using rule 64 (factor -> RAW_STRING .)
    COMMA           reduce using rule 64 (factor -> RAW_STRING .)


state 47

    (65) factor -> BOOL_LITERAL .

    PLUS            reduce using rule 65 (factor -> BOOL_LITERAL .)
    MINUS           reduce using rule 65 (factor -> BOOL_LITERAL .)
    TIMES           reduce using rule 65 (factor -> BOOL_LITERAL .)
    DIVIDE          reduce using rule 65 (factor -> BOOL_LITERAL .)
    MODULO          reduce using rule 65 (factor -> BOOL_LITERAL .)
    OR              reduce using rule 65 (factor -> BOOL_LITERAL .)
    AND             reduce using rule 65 (factor -> BOOL_LITERAL .)
    EQ              reduce using rule 65 (factor -> BOOL_LITERAL .)
    NE              reduce using rule 65 (factor -> BOOL_LITERAL .)
    LT              reduce using rule 65 (factor -> BOOL_LITERAL .)
    LE              reduce using rule 65 (factor -> BOOL_LITERAL .)
    GT              reduce using rule 65 (factor -> BOOL_LITERAL .)
    GE              reduce using rule 65 (factor -> BOOL_LITERAL .)
    SEMI            reduce using rule 65 (factor -> BOOL_LITERAL .)
    VAR             reduce using rule 65 (factor -> BOOL_LITERAL .)
    ID              reduce using rule 65 (factor -> BOOL_LITERAL .)
    IF              reduce using rule 65 (factor -> BOOL_LITERAL .)
    NOT             reduce using rule 65 (factor -> BOOL_LITERAL .)
    INTEGER         reduce using rule 65 (factor -> BOOL_LITERAL .)
    FLOAT           reduce using rule 65 (factor -> BOOL_LITERAL .)
    STRING_LITERAL  reduce using rule 65 (factor -> BOOL_LITERAL .)
    RAW_STRING      reduce using rule 65 (factor -> BOOL_LITERAL .)
    BOOL_LITERAL    reduce using rule 65 (factor -> BOOL_LITERAL .)
    LPAREN          reduce using rule 65 (factor -> BOOL_LITERAL .)
    RBRACE          reduce using rule 65 (factor -> BOOL_LITERAL .)
    RPAREN          reduce using rule 65 (factor -> BOOL_LITERAL .)
    LBRACE          reduce using rule 65 (factor -> BOOL_LITERAL .)
    COMMA           reduce using rule 65 (factor -> BOOL_LITERAL .)


state 48

    (18) statement -> ID DECLARE_ASSIGN . expression SEMI_OPTIONAL
    (34) expression -> . expression PLUS expression
    (35) expression -> . expression MINUS expression
    (36) expression -> . expression TIMES expression
    (37) expression -> . expression DIVIDE expression
    (38) expression -> . expression MODULO expression
    (39) expression -> . expression OR expression
    (40) expression -> . expression AND expression
    (41) expression -> . expression EQ expression
    (42) expression -> . expression NE expression
    (43) expression -> . expression LT expression
    (44) expression -> . expression LE expression
    (45) expression -> . expression GT expression
    (46) expression -> . expression GE expression
    (47) expression -> . MINUS expression
    (48) expression -> . NOT expression
    (49) expression -> . factor
    (61) factor -> . INTEGER
    (62) factor -> . FLOAT
    (63) factor -> . STRING_LITERAL
    (64) factor -> . RAW_STRING
    (65) factor -> . BOOL_LITERAL
    (66) factor -> . ID
    (67) factor -> . ID DOT ID LPAREN arg_list RPAREN
    (68) factor -> . LPAREN expression RPAREN

    MINUS           shift and go to state 40
    NOT             shift and go to state 41
    INTEGER         shift and go to state 43
    FLOAT           shift and go to state 44
    STRING_LITERAL  shift and go to state 45
    RAW_STRING      shift and go to state 46
    BOOL_LITERAL    shift and go to state 47
    ID              shift and go to state 61
    LPAREN          shift and go to state 30

    expression                     shift and go to state 85
    factor                         shift and go to state 42

state 49

    (19) statement -> ID ASSIGN . expression SEMI_OPTIONAL
    (34) expression -> . expression PLUS expression
    (35) expression -> . expression MINUS expression
    (36) expression -> . expression TIMES expression
    (37) expression -> . expression DIVIDE expression
    (38) expression -> . expression MODULO expression
    (39) expression -> . expression OR expression
    (40) expression -> . expression AND expression
    (41) expression -> . expression EQ expression
    (42) expression -> . expression NE expression
    (43) expression -> . expression LT expression
    (44) expression -> . expression LE expression
    (45) expression -> . expression GT expression
    (46) expression -> . expression GE expression
    (47) expression -> . MINUS expression
    (48) expression -> . NOT expression
    (49) expression -> . factor
    (61) factor -> . INTEGER
    (62) factor -> . FLOAT
    (63) factor -> . STRING_LITERAL
    (64) factor -> . RAW_STRING
    (65) factor -> . BOOL_LITERAL
    (66) factor -> . ID
    (67) factor -> . ID DOT ID LPAREN arg_list RPAREN
    (68) factor -> . LPAREN expression RPAREN

    MINUS           shift and go to state 40
    NOT             shift and go to state 41
    INTEGER         shift and go to state 43
    FLOAT           shift and go to state 44
    STRING_LITERAL  shift and go to state 45
    RAW_STRING      shift and go to state 46
    BOOL_LITERAL    shift and go to state 47
    ID              shift and go to state 61
    LPAREN          shift and go to state 30

    expression                     shift and go to state 86
    factor                         shift and go to state 42

state 50

    (50) assign_statement -> ID LSHIFT_ASSIGN . expression
    (34) expression -> . expression PLUS expression
    (35) expression -> . expression MINUS expression
    (36) expression -> . expression TIMES expression
    (37) expression -> . expression DIVIDE expression
    (38) expression -> . expression MODULO expression
    (39) expression -> . expression OR expression
    (40) expression -> . expression AND expression
    (41) expression -> . expression EQ expression
    (42) expression -> . expression NE expression
    (43) expression -> . expression LT expression
    (44) expression -> . expression LE expression
    (45) expression -> . expression GT expression
    (46) expression -> . expression GE expression
    (47) expression -> . MINUS expression
    (48) expression -> . NOT expression
    (49) expression -> . factor
    (61) factor -> . INTEGER
    (62) factor -> . FLOAT
    (63) factor -> . STRING_LITERAL
    (64) factor -> . RAW_STRING
    (65) factor -> . BOOL_LITERAL
    (66) factor -> . ID
    (67) factor -> . ID DOT ID LPAREN arg_list RPAREN
    (68) factor -> . LPAREN expression RPAREN

    MINUS           shift and go to state 40
    NOT             shift and go to state 41
    INTEGER         shift and go to state 43
    FLOAT           shift and go to state 44
    STRING_LITERAL  shift and go to state 45
    RAW_STRING      shift and go to state 46
    BOOL_LITERAL    shift and go to state 47
    ID              shift and go to state 61
    LPAREN          shift and go to state 30

    expression                     shift and go to state 87
    factor                         shift and go to state 42

state 51

    (51) assign_statement -> ID PLUS_ASSIGN . expression
    (34) expression -> . expression PLUS expression
    (35) expression -> . expression MINUS expression
    (36) expression -> . expression TIMES expression
    (37) expression -> . expression DIVIDE expression
    (38) expression -> . expression MODULO expression
    (39) expression -> . expression OR expression
    (40) expression -> . expression AND expression
    (41) expression -> . expression EQ expression
    (42) expression -> . expression NE expression
    (43) expression -> . expression LT expression
    (44) expression -> . expression LE expression
    (45) expression -> . expression GT expression
    (46) expression -> . expression GE expression
    (47) expression -> . MINUS expression
    (48) expression -> . NOT expression
    (49) expression -> . factor
    (61) factor -> . INTEGER
    (62) factor -> . FLOAT
    (63) factor -> . STRING_LITERAL
    (64) factor -> . RAW_STRING
    (65) factor -> . BOOL_LITERAL
    (66) factor -> . ID
    (67) factor -> . ID DOT ID LPAREN arg_list RPAREN
    (68) factor -> . LPAREN expression RPAREN

    MINUS           shift and go to state 40
    NOT             shift and go to state 41
    INTEGER         shift and go to state 43
    FLOAT           shift and go to state 44
    STRING_LITERAL  shift and go to state 45
    RAW_STRING      shift and go to state 46
    BOOL_LITERAL    shift and go to state 47
    ID              shift and go to state 61
    LPAREN          shift and go to state 30

    expression                     shift and go to state 88
    factor                         shift and go to state 42

state 52

    (52) assign_statement -> ID MINUS_ASSIGN . expression
    (34) expression -> . expression PLUS expression
    (35) expression -> . expression MINUS expression
    (36) expression -> . expression TIMES expression
    (37) expression -> . expression DIVIDE expression
    (38) expression -> . expression MODULO expression
    (39) expression -> . expression OR expression
    (40) expression -> . expression AND expression
    (41) expression -> . expression EQ expression
    (42) expression -> . expression NE expression
    (43) expression -> . expression LT expression
    (44) expression -> . expression LE expression
    (45) expression -> . expression GT expression
    (46) expression -> . expression GE expression
    (47) expression -> . MINUS expression
    (48) expression -> . NOT expression
    (49) expression -> . factor
    (61) factor -> . INTEGER
    (62) factor -> . FLOAT
    (63) factor -> . STRING_LITERAL
    (64) factor -> . RAW_STRING
    (65) factor -> . BOOL_LITERAL
    (66) factor -> . ID
    (67) factor -> . ID DOT ID LPAREN arg_list RPAREN
    (68) factor -> . LPAREN expression RPAREN

    MINUS           shift and go to state 40
    NOT             shift and go to state 41
    INTEGER         shift and go to state 43
    FLOAT           shift and go to state 44
    STRING_LITERAL  shift and go to state 45
    RAW_STRING      shift and go to state 46
    BOOL_LITERAL    shift and go to state 47
    ID              shift and go to state 61
    LPAREN          shift and go to state 30

    expression                     shift and go to state 89
    factor                         shift and go to state 42

state 53

    (53) assign_statement -> ID TIMES_ASSIGN . expression
    (34) expression -> . expression PLUS expression
    (35) expression -> . expression MINUS expression
    (36) expression -> . expression TIMES expression
    (37) expression -> . expression DIVIDE expression
    (38) expression -> . expression MODULO expression
    (39) expression -> . expression OR expression
    (40) expression -> . expression AND expression
    (41) expression -> . expression EQ expression
    (42) expression -> . expression NE expression
    (43) expression -> . expression LT expression
    (44) expression -> . expression LE expression
    (45) expression -> . expression GT expression
    (46) expression -> . expression GE expression
    (47) expression -> . MINUS expression
    (48) expression -> . NOT expression
    (49) expression -> . factor
    (61) factor -> . INTEGER
    (62) factor -> . FLOAT
    (63) factor -> . STRING_LITERAL
    (64) factor -> . RAW_STRING
    (65) factor -> . BOOL_LITERAL
    (66) factor -> . ID
    (67) factor -> . ID DOT ID LPAREN arg_list RPAREN
    (68) factor -> . LPAREN expression RPAREN

    MINUS           shift and go to state 40
    NOT             shift and go to state 41
    INTEGER         shift and go to state 43
    FLOAT           shift and go to state 44
    STRING_LITERAL  shift and go to state 45
    RAW_STRING      shift and go to state 46
    BOOL_LITERAL    shift and go to state 47
    ID              shift and go to state 61
    LPAREN          shift and go to state 30

    expression                     shift and go to state 90
    factor                         shift and go to state 42

state 54

    (54) assign_statement -> ID DIVIDE_ASSIGN . expression
    (34) expression -> . expression PLUS expression
    (35) expression -> . expression MINUS expression
    (36) expression -> . expression TIMES expression
    (37) expression -> . expression DIVIDE expression
    (38) expression -> . expression MODULO expression
    (39) expression -> . expression OR expression
    (40) expression -> . expression AND expression
    (41) expression -> . expression EQ expression
    (42) expression -> . expression NE expression
    (43) expression -> . expression LT expression
    (44) expression -> . expression LE expression
    (45) expression -> . expression GT expression
    (46) expression -> . expression GE expression
    (47) expression -> . MINUS expression
    (48) expression -> . NOT expression
    (49) expression -> . factor
    (61) factor -> . INTEGER
    (62) factor -> . FLOAT
    (63) factor -> . STRING_LITERAL
    (64) factor -> . RAW_STRING
    (65) factor -> . BOOL_LITERAL
    (66) factor -> . ID
    (67) factor -> . ID DOT ID LPAREN arg_list RPAREN
    (68) factor -> . LPAREN expression RPAREN

    MINUS           shift and go to state 40
    NOT             shift and go to state 41
    INTEGER         shift and go to state 43
    FLOAT           shift and go to state 44
    STRING_LITERAL  shift and go to state 45
    RAW_STRING      shift and go to state 46
    BOOL_LITERAL    shift and go to state 47
    ID              shift and go to state 61
    LPAREN          shift and go to state 30

    expression                     shift and go to state 91
    factor                         shift and go to state 42

state 55

    (55) assign_statement -> ID MOD_ASSIGN . expression
    (34) expression -> . expression PLUS expression
    (35) expression -> . expression MINUS expression
    (36) expression -> . expression TIMES expression
    (37) expression -> . expression DIVIDE expression
    (38) expression -> . expression MODULO expression
    (39) expression -> . expression OR expression
    (40) expression -> . expression AND expression
    (41) expression -> . expression EQ expression
    (42) expression -> . expression NE expression
    (43) expression -> . expression LT expression
    (44) expression -> . expression LE expression
    (45) expression -> . expression GT expression
    (46) expression -> . expression GE expression
    (47) expression -> . MINUS expression
    (48) expression -> . NOT expression
    (49) expression -> . factor
    (61) factor -> . INTEGER
    (62) factor -> . FLOAT
    (63) factor -> . STRING_LITERAL
    (64) factor -> . RAW_STRING
    (65) factor -> . BOOL_LITERAL
    (66) factor -> . ID
    (67) factor -> . ID DOT ID LPAREN arg_list RPAREN
    (68) factor -> . LPAREN expression RPAREN

    MINUS           shift and go to state 40
    NOT             shift and go to state 41
    INTEGER         shift and go to state 43
    FLOAT           shift and go to state 44
    STRING_LITERAL  shift and go to state 45
    RAW_STRING      shift and go to state 46
    BOOL_LITERAL    shift and go to state 47
    ID              shift and go to state 61
    LPAREN          shift and go to state 30

    expression                     shift and go to state 92
    factor                         shift and go to state 42

state 56

    (56) assign_statement -> ID AND_ASSIGN . expression
    (34) expression -> . expression PLUS expression
    (35) expression -> . expression MINUS expression
    (36) expression -> . expression TIMES expression
    (37) expression -> . expression DIVIDE expression
    (38) expression -> . expression MODULO expression
    (39) expression -> . expression OR expression
    (40) expression -> . expression AND expression
    (41) expression -> . expression EQ expression
    (42) expression -> . expression NE expression
    (43) expression -> . expression LT expression
    (44) expression -> . expression LE expression
    (45) expression -> . expression GT expression
    (46) expression -> . expression GE expression
    (47) expression -> . MINUS expression
    (48) expression -> . NOT expression
    (49) expression -> . factor
    (61) factor -> . INTEGER
    (62) factor -> . FLOAT
    (63) factor -> . STRING_LITERAL
    (64) factor -> . RAW_STRING
    (65) factor -> . BOOL_LITERAL
    (66) factor -> . ID
    (67) factor -> . ID DOT ID LPAREN arg_list RPAREN
    (68) factor -> . LPAREN expression RPAREN

    MINUS           shift and go to state 40
    NOT             shift and go to state 41
    INTEGER         shift and go to state 43
    FLOAT           shift and go to state 44
    STRING_LITERAL  shift and go to state 45
    RAW_STRING      shift and go to state 46
    BOOL_LITERAL    shift and go to state 47
    ID              shift and go to state 61
    LPAREN          shift and go to state 30

    expression                     shift and go to state 93
    factor                         shift and go to state 42

state 57

    (57) assign_statement -> ID OR_ASSIGN . expression
    (34) expression -> . expression PLUS expression
    (35) expression -> . expression MINUS expression
    (36) expression -> . expression TIMES expression
    (37) expression -> . expression DIVIDE expression
    (38) expression -> . expression MODULO expression
    (39) expression -> . expression OR expression
    (40) expression -> . expression AND expression
    (41) expression -> . expression EQ expression
    (42) expression -> . expression NE expression
    (43) expression -> . expression LT expression
    (44) expression -> . expression LE expression
    (45) expression -> . expression GT expression
    (46) expression -> . expression GE expression
    (47) expression -> . MINUS expression
    (48) expression -> . NOT expression
    (49) expression -> . factor
    (61) factor -> . INTEGER
    (62) factor -> . FLOAT
    (63) factor -> . STRING_LITERAL
    (64) factor -> . RAW_STRING
    (65) factor -> . BOOL_LITERAL
    (66) factor -> . ID
    (67) factor -> . ID DOT ID LPAREN arg_list RPAREN
    (68) factor -> . LPAREN expression RPAREN

    MINUS           shift and go to state 40
    NOT             shift and go to state 41
    INTEGER         shift and go to state 43
    FLOAT           shift and go to state 44
    STRING_LITERAL  shift and go to state 45
    RAW_STRING      shift and go to state 46
    BOOL_LITERAL    shift and go to state 47
    ID              shift and go to state 61
    LPAREN          shift and go to state 30

    expression                     shift and go to state 94
    factor                         shift and go to state 42

state 58

    (58) assign_statement -> ID XOR_ASSIGN . expression
    (34) expression -> . expression PLUS expression
    (35) expression -> . expression MINUS expression
    (36) expression -> . expression TIMES expression
    (37) expression -> . expression DIVIDE expression
    (38) expression -> . expression MODULO expression
    (39) expression -> . expression OR expression
    (40) expression -> . expression AND expression
    (41) expression -> . expression EQ expression
    (42) expression -> . expression NE expression
    (43) expression -> . expression LT expression
    (44) expression -> . expression LE expression
    (45) expression -> . expression GT expression
    (46) expression -> . expression GE expression
    (47) expression -> . MINUS expression
    (48) expression -> . NOT expression
    (49) expression -> . factor
    (61) factor -> . INTEGER
    (62) factor -> . FLOAT
    (63) factor -> . STRING_LITERAL
    (64) factor -> . RAW_STRING
    (65) factor -> . BOOL_LITERAL
    (66) factor -> . ID
    (67) factor -> . ID DOT ID LPAREN arg_list RPAREN
    (68) factor -> . LPAREN expression RPAREN

    MINUS           shift and go to state 40
    NOT             shift and go to state 41
    INTEGER         shift and go to state 43
    FLOAT           shift and go to state 44
    STRING_LITERAL  shift and go to state 45
    RAW_STRING      shift and go to state 46
    BOOL_LITERAL    shift and go to state 47
    ID              shift and go to state 61
    LPAREN          shift and go to state 30

    expression                     shift and go to state 95
    factor                         shift and go to state 42

state 59

    (67) factor -> ID DOT . ID LPAREN arg_list RPAREN

    ID              shift and go to state 96


state 60

    (68) factor -> LPAREN expression . RPAREN
    (34) expression -> expression . PLUS expression
    (35) expression -> expression . MINUS expression
    (36) expression -> expression . TIMES expression
    (37) expression -> expression . DIVIDE expression
    (38) expression -> expression . MODULO expression
    (39) expression -> expression . OR expression
    (40) expression -> expression . AND expression
    (41) expression -> expression . EQ expression
    (42) expression -> expression . NE expression
    (43) expression -> expression . LT expression
    (44) expression -> expression . LE expression
    (45) expression -> expression . GT expression
    (46) expression -> expression . GE expression

    RPAREN          shift and go to state 97
    PLUS            shift and go to state 66
    MINUS           shift and go to state 67
    TIMES           shift and go to state 68
    DIVIDE          shift and go to state 69
    MODULO          shift and go to state 70
    OR              shift and go to state 71
    AND             shift and go to state 72
    EQ              shift and go to state 73
    NE              shift and go to state 74
    LT              shift and go to state 75
    LE              shift and go to state 76
    GT              shift and go to state 77
    GE              shift and go to state 78


state 61

    (66) factor -> ID .
    (67) factor -> ID . DOT ID LPAREN arg_list RPAREN

    RPAREN          reduce using rule 66 (factor -> ID .)
    PLUS            reduce using rule 66 (factor -> ID .)
    MINUS           reduce using rule 66 (factor -> ID .)
    TIMES           reduce using rule 66 (factor -> ID .)
    DIVIDE          reduce using rule 66 (factor -> ID .)
    MODULO          reduce using rule 66 (factor -> ID .)
    OR              reduce using rule 66 (factor -> ID .)
    AND             reduce using rule 66 (factor -> ID .)
    EQ              reduce using rule 66 (factor -> ID .)
    NE              reduce using rule 66 (factor -> ID .)
    LT              reduce using rule 66 (factor -> ID .)
    LE              reduce using rule 66 (factor -> ID .)
    GT              reduce using rule 66 (factor -> ID .)
    GE              reduce using rule 66 (factor -> ID .)
    LBRACE          reduce using rule 66 (factor -> ID .)
    SEMI            reduce using rule 66 (factor -> ID .)
    VAR             reduce using rule 66 (factor -> ID .)
    ID              reduce using rule 66 (factor -> ID .)
    IF              reduce using rule 66 (factor -> ID .)
    NOT             reduce using rule 66 (factor -> ID .)
    INTEGER         reduce using rule 66 (factor -> ID .)
    FLOAT           reduce using rule 66 (factor -> ID .)
    STRING_LITERAL  reduce using rule 66 (factor -> ID .)
    RAW_STRING      reduce using rule 66 (factor -> ID .)
    BOOL_LITERAL    reduce using rule 66 (factor -> ID .)
    LPAREN          reduce using rule 66 (factor -> ID .)
    RBRACE          reduce using rule 66 (factor -> ID .)
    COMMA           reduce using rule 66 (factor -> ID .)
    DOT             shift and go to state 59


state 62

    (7) top_declaration -> FUNC ID LPAREN param_list RPAREN func_return LBRACE statement_list RBRACE .

    PACKAGE         reduce using rule 7 (top_declaration -> FUNC ID LPAREN param_list RPAREN func_return LBRACE statement_list RBRACE .)
    IMPORT          reduce using rule 7 (top_declaration -> FUNC ID LPAREN param_list RPAREN func_return LBRACE statement_list RBRACE .)
    FUNC            reduce using rule 7 (top_declaration -> FUNC ID LPAREN param_list RPAREN func_return LBRACE statement_list RBRACE .)
    $end            reduce using rule 7 (top_declaration -> FUNC ID LPAREN param_list RPAREN func_return LBRACE statement_list RBRACE .)


state 63

    (14) statement_list -> statement statement_list .

    RBRACE          reduce using rule 14 (statement_list -> statement statement_list .)


state 64

    (16) statement -> VAR ID . type_spec ASSIGN expression SEMI_OPTIONAL
    (17) statement -> VAR ID . type_spec SEMI_OPTIONAL
    (24) type_spec -> . INT_TYPE
    (25) type_spec -> . FLOAT_TYPE
    (26) type_spec -> . STRING_TYPE
    (27) type_spec -> . BOOL_TYPE

    INT_TYPE        shift and go to state 18
    FLOAT_TYPE      shift and go to state 19
    STRING_TYPE     shift and go to state 20
    BOOL_TYPE       shift and go to state 21

    type_spec                      shift and go to state 98

state 65

    (22) statement -> expression SEMI_OPTIONAL .

    VAR             reduce using rule 22 (statement -> expression SEMI_OPTIONAL .)
    ID              reduce using rule 22 (statement -> expression SEMI_OPTIONAL .)
    SEMI            reduce using rule 22 (statement -> expression SEMI_OPTIONAL .)
    IF              reduce using rule 22 (statement -> expression SEMI_OPTIONAL .)
    MINUS           reduce using rule 22 (statement -> expression SEMI_OPTIONAL .)
    NOT             reduce using rule 22 (statement -> expression SEMI_OPTIONAL .)
    INTEGER         reduce using rule 22 (statement -> expression SEMI_OPTIONAL .)
    FLOAT           reduce using rule 22 (statement -> expression SEMI_OPTIONAL .)
    STRING_LITERAL  reduce using rule 22 (statement -> expression SEMI_OPTIONAL .)
    RAW_STRING      reduce using rule 22 (statement -> expression SEMI_OPTIONAL .)
    BOOL_LITERAL    reduce using rule 22 (statement -> expression SEMI_OPTIONAL .)
    LPAREN          reduce using rule 22 (statement -> expression SEMI_OPTIONAL .)
    RBRACE          reduce using rule 22 (statement -> expression SEMI_OPTIONAL .)


state 66

    (34) expression -> expression PLUS . expression
    (34) expression -> . expression PLUS expression
    (35) expression -> . expression MINUS expression
    (36) expression -> . expression TIMES expression
    (37) expression -> . expression DIVIDE expression
    (38) expression -> . expression MODULO expression
    (39) expression -> . expression OR expression
    (40) expression -> . expression AND expression
    (41) expression -> . expression EQ expression
    (42) expression -> . expression NE expression
    (43) expression -> . expression LT expression
    (44) expression -> . expression LE expression
    (45) expression -> . expression GT expression
    (46) expression -> . expression GE expression
    (47) expression -> . MINUS expression
    (48) expression -> . NOT expression
    (49) expression -> . factor
    (61) factor -> . INTEGER
    (62) factor -> . FLOAT
    (63) factor -> . STRING_LITERAL
    (64) factor -> . RAW_STRING
    (65) factor -> . BOOL_LITERAL
    (66) factor -> . ID
    (67) factor -> . ID DOT ID LPAREN arg_list RPAREN
    (68) factor -> . LPAREN expression RPAREN

    MINUS           shift and go to state 40
    NOT             shift and go to state 41
    INTEGER         shift and go to state 43
    FLOAT           shift and go to state 44
    STRING_LITERAL  shift and go to state 45
    RAW_STRING      shift and go to state 46
    BOOL_LITERAL    shift and go to state 47
    ID              shift and go to state 61
    LPAREN          shift and go to state 30

    expression                     shift and go to state 99
    factor                         shift and go to state 42

state 67

    (35) expression -> expression MINUS . expression
    (34) expression -> . expression PLUS expression
    (35) expression -> . expression MINUS expression
    (36) expression -> . expression TIMES expression
    (37) expression -> . expression DIVIDE expression
    (38) expression -> . expression MODULO expression
    (39) expression -> . expression OR expression
    (40) expression -> . expression AND expression
    (41) expression -> . expression EQ expression
    (42) expression -> . expression NE expression
    (43) expression -> . expression LT expression
    (44) expression -> . expression LE expression
    (45) expression -> . expression GT expression
    (46) expression -> . expression GE expression
    (47) expression -> . MINUS expression
    (48) expression -> . NOT expression
    (49) expression -> . factor
    (61) factor -> . INTEGER
    (62) factor -> . FLOAT
    (63) factor -> . STRING_LITERAL
    (64) factor -> . RAW_STRING
    (65) factor -> . BOOL_LITERAL
    (66) factor -> . ID
    (67) factor -> . ID DOT ID LPAREN arg_list RPAREN
    (68) factor -> . LPAREN expression RPAREN

    MINUS           shift and go to state 40
    NOT             shift and go to state 41
    INTEGER         shift and go to state 43
    FLOAT           shift and go to state 44
    STRING_LITERAL  shift and go to state 45
    RAW_STRING      shift and go to state 46
    BOOL_LITERAL    shift and go to state 47
    ID              shift and go to state 61
    LPAREN          shift and go to state 30

    expression                     shift and go to state 100
    factor                         shift and go to state 42

state 68

    (36) expression -> expression TIMES . expression
    (34) expression -> . expression PLUS expression
    (35) expression -> . expression MINUS expression
    (36) expression -> . expression TIMES expression
    (37) expression -> . expression DIVIDE expression
    (38) expression -> . expression MODULO expression
    (39) expression -> . expression OR expression
    (40) expression -> . expression AND expression
    (41) expression -> . expression EQ expression
    (42) expression -> . expression NE expression
    (43) expression -> . expression LT expression
    (44) expression -> . expression LE expression
    (45) expression -> . expression GT expression
    (46) expression -> . expression GE expression
    (47) expression -> . MINUS expression
    (48) expression -> . NOT expression
    (49) expression -> . factor
    (61) factor -> . INTEGER
    (62) factor -> . FLOAT
    (63) factor -> . STRING_LITERAL
    (64) factor -> . RAW_STRING
    (65) factor -> . BOOL_LITERAL
    (66) factor -> . ID
    (67) factor -> . ID DOT ID LPAREN arg_list RPAREN
    (68) factor -> . LPAREN expression RPAREN

    MINUS           shift and go to state 40
    NOT             shift and go to state 41
    INTEGER         shift and go to state 43
    FLOAT           shift and go to state 44
    STRING_LITERAL  shift and go to state 45
    RAW_STRING      shift and go to state 46
    BOOL_LITERAL    shift and go to state 47
    ID              shift and go to state 61
    LPAREN          shift and go to state 30

    expression                     shift and go to state 101
    factor                         shift and go to state 42

state 69

    (37) expression -> expression DIVIDE . expression
    (34) expression -> . expression PLUS expression
    (35) expression -> . expression MINUS expression
    (36) expression -> . expression TIMES expression
    (37) expression -> . expression DIVIDE expression
    (38) expression -> . expression MODULO expression
    (39) expression -> . expression OR expression
    (40) expression -> . expression AND expression
    (41) expression -> . expression EQ expression
    (42) expression -> . expression NE expression
    (43) expression -> . expression LT expression
    (44) expression -> . expression LE expression
    (45) expression -> . expression GT expression
    (46) expression -> . expression GE expression
    (47) expression -> . MINUS expression
    (48) expression -> . NOT expression
    (49) expression -> . factor
    (61) factor -> . INTEGER
    (62) factor -> . FLOAT
    (63) factor -> . STRING_LITERAL
    (64) factor -> . RAW_STRING
    (65) factor -> . BOOL_LITERAL
    (66) factor -> . ID
    (67) factor -> . ID DOT ID LPAREN arg_list RPAREN
    (68) factor -> . LPAREN expression RPAREN

    MINUS           shift and go to state 40
    NOT             shift and go to state 41
    INTEGER         shift and go to state 43
    FLOAT           shift and go to state 44
    STRING_LITERAL  shift and go to state 45
    RAW_STRING      shift and go to state 46
    BOOL_LITERAL    shift and go to state 47
    ID              shift and go to state 61
    LPAREN          shift and go to state 30

    expression                     shift and go to state 102
    factor                         shift and go to state 42

state 70

    (38) expression -> expression MODULO . expression
    (34) expression -> . expression PLUS expression
    (35) expression -> . expression MINUS expression
    (36) expression -> . expression TIMES expression
    (37) expression -> . expression DIVIDE expression
    (38) expression -> . expression MODULO expression
    (39) expression -> . expression OR expression
    (40) expression -> . expression AND expression
    (41) expression -> . expression EQ expression
    (42) expression -> . expression NE expression
    (43) expression -> . expression LT expression
    (44) expression -> . expression LE expression
    (45) expression -> . expression GT expression
    (46) expression -> . expression GE expression
    (47) expression -> . MINUS expression
    (48) expression -> . NOT expression
    (49) expression -> . factor
    (61) factor -> . INTEGER
    (62) factor -> . FLOAT
    (63) factor -> . STRING_LITERAL
    (64) factor -> . RAW_STRING
    (65) factor -> . BOOL_LITERAL
    (66) factor -> . ID
    (67) factor -> . ID DOT ID LPAREN arg_list RPAREN
    (68) factor -> . LPAREN expression RPAREN

    MINUS           shift and go to state 40
    NOT             shift and go to state 41
    INTEGER         shift and go to state 43
    FLOAT           shift and go to state 44
    STRING_LITERAL  shift and go to state 45
    RAW_STRING      shift and go to state 46
    BOOL_LITERAL    shift and go to state 47
    ID              shift and go to state 61
    LPAREN          shift and go to state 30

    expression                     shift and go to state 103
    factor                         shift and go to state 42

state 71

    (39) expression -> expression OR . expression
    (34) expression -> . expression PLUS expression
    (35) expression -> . expression MINUS expression
    (36) expression -> . expression TIMES expression
    (37) expression -> . expression DIVIDE expression
    (38) expression -> . expression MODULO expression
    (39) expression -> . expression OR expression
    (40) expression -> . expression AND expression
    (41) expression -> . expression EQ expression
    (42) expression -> . expression NE expression
    (43) expression -> . expression LT expression
    (44) expression -> . expression LE expression
    (45) expression -> . expression GT expression
    (46) expression -> . expression GE expression
    (47) expression -> . MINUS expression
    (48) expression -> . NOT expression
    (49) expression -> . factor
    (61) factor -> . INTEGER
    (62) factor -> . FLOAT
    (63) factor -> . STRING_LITERAL
    (64) factor -> . RAW_STRING
    (65) factor -> . BOOL_LITERAL
    (66) factor -> . ID
    (67) factor -> . ID DOT ID LPAREN arg_list RPAREN
    (68) factor -> . LPAREN expression RPAREN

    MINUS           shift and go to state 40
    NOT             shift and go to state 41
    INTEGER         shift and go to state 43
    FLOAT           shift and go to state 44
    STRING_LITERAL  shift and go to state 45
    RAW_STRING      shift and go to state 46
    BOOL_LITERAL    shift and go to state 47
    ID              shift and go to state 61
    LPAREN          shift and go to state 30

    expression                     shift and go to state 104
    factor                         shift and go to state 42

state 72

    (40) expression -> expression AND . expression
    (34) expression -> . expression PLUS expression
    (35) expression -> . expression MINUS expression
    (36) expression -> . expression TIMES expression
    (37) expression -> . expression DIVIDE expression
    (38) expression -> . expression MODULO expression
    (39) expression -> . expression OR expression
    (40) expression -> . expression AND expression
    (41) expression -> . expression EQ expression
    (42) expression -> . expression NE expression
    (43) expression -> . expression LT expression
    (44) expression -> . expression LE expression
    (45) expression -> . expression GT expression
    (46) expression -> . expression GE expression
    (47) expression -> . MINUS expression
    (48) expression -> . NOT expression
    (49) expression -> . factor
    (61) factor -> . INTEGER
    (62) factor -> . FLOAT
    (63) factor -> . STRING_LITERAL
    (64) factor -> . RAW_STRING
    (65) factor -> . BOOL_LITERAL
    (66) factor -> . ID
    (67) factor -> . ID DOT ID LPAREN arg_list RPAREN
    (68) factor -> . LPAREN expression RPAREN

    MINUS           shift and go to state 40
    NOT             shift and go to state 41
    INTEGER         shift and go to state 43
    FLOAT           shift and go to state 44
    STRING_LITERAL  shift and go to state 45
    RAW_STRING      shift and go to state 46
    BOOL_LITERAL    shift and go to state 47
    ID              shift and go to state 61
    LPAREN          shift and go to state 30

    expression                     shift and go to state 105
    factor                         shift and go to state 42

state 73

    (41) expression -> expression EQ . expression
    (34) expression -> . expression PLUS expression
    (35) expression -> . expression MINUS expression
    (36) expression -> . expression TIMES expression
    (37) expression -> . expression DIVIDE expression
    (38) expression -> . expression MODULO expression
    (39) expression -> . expression OR expression
    (40) expression -> . expression AND expression
    (41) expression -> . expression EQ expression
    (42) expression -> . expression NE expression
    (43) expression -> . expression LT expression
    (44) expression -> . expression LE expression
    (45) expression -> . expression GT expression
    (46) expression -> . expression GE expression
    (47) expression -> . MINUS expression
    (48) expression -> . NOT expression
    (49) expression -> . factor
    (61) factor -> . INTEGER
    (62) factor -> . FLOAT
    (63) factor -> . STRING_LITERAL
    (64) factor -> . RAW_STRING
    (65) factor -> . BOOL_LITERAL
    (66) factor -> . ID
    (67) factor -> . ID DOT ID LPAREN arg_list RPAREN
    (68) factor -> . LPAREN expression RPAREN

    MINUS           shift and go to state 40
    NOT             shift and go to state 41
    INTEGER         shift and go to state 43
    FLOAT           shift and go to state 44
    STRING_LITERAL  shift and go to state 45
    RAW_STRING      shift and go to state 46
    BOOL_LITERAL    shift and go to state 47
    ID              shift and go to state 61
    LPAREN          shift and go to state 30

    expression                     shift and go to state 106
    factor                         shift and go to state 42

state 74

    (42) expression -> expression NE . expression
    (34) expression -> . expression PLUS expression
    (35) expression -> . expression MINUS expression
    (36) expression -> . expression TIMES expression
    (37) expression -> . expression DIVIDE expression
    (38) expression -> . expression MODULO expression
    (39) expression -> . expression OR expression
    (40) expression -> . expression AND expression
    (41) expression -> . expression EQ expression
    (42) expression -> . expression NE expression
    (43) expression -> . expression LT expression
    (44) expression -> . expression LE expression
    (45) expression -> . expression GT expression
    (46) expression -> . expression GE expression
    (47) expression -> . MINUS expression
    (48) expression -> . NOT expression
    (49) expression -> . factor
    (61) factor -> . INTEGER
    (62) factor -> . FLOAT
    (63) factor -> . STRING_LITERAL
    (64) factor -> . RAW_STRING
    (65) factor -> . BOOL_LITERAL
    (66) factor -> . ID
    (67) factor -> . ID DOT ID LPAREN arg_list RPAREN
    (68) factor -> . LPAREN expression RPAREN

    MINUS           shift and go to state 40
    NOT             shift and go to state 41
    INTEGER         shift and go to state 43
    FLOAT           shift and go to state 44
    STRING_LITERAL  shift and go to state 45
    RAW_STRING      shift and go to state 46
    BOOL_LITERAL    shift and go to state 47
    ID              shift and go to state 61
    LPAREN          shift and go to state 30

    expression                     shift and go to state 107
    factor                         shift and go to state 42

state 75

    (43) expression -> expression LT . expression
    (34) expression -> . expression PLUS expression
    (35) expression -> . expression MINUS expression
    (36) expression -> . expression TIMES expression
    (37) expression -> . expression DIVIDE expression
    (38) expression -> . expression MODULO expression
    (39) expression -> . expression OR expression
    (40) expression -> . expression AND expression
    (41) expression -> . expression EQ expression
    (42) expression -> . expression NE expression
    (43) expression -> . expression LT expression
    (44) expression -> . expression LE expression
    (45) expression -> . expression GT expression
    (46) expression -> . expression GE expression
    (47) expression -> . MINUS expression
    (48) expression -> . NOT expression
    (49) expression -> . factor
    (61) factor -> . INTEGER
    (62) factor -> . FLOAT
    (63) factor -> . STRING_LITERAL
    (64) factor -> . RAW_STRING
    (65) factor -> . BOOL_LITERAL
    (66) factor -> . ID
    (67) factor -> . ID DOT ID LPAREN arg_list RPAREN
    (68) factor -> . LPAREN expression RPAREN

    MINUS           shift and go to state 40
    NOT             shift and go to state 41
    INTEGER         shift and go to state 43
    FLOAT           shift and go to state 44
    STRING_LITERAL  shift and go to state 45
    RAW_STRING      shift and go to state 46
    BOOL_LITERAL    shift and go to state 47
    ID              shift and go to state 61
    LPAREN          shift and go to state 30

    expression                     shift and go to state 108
    factor                         shift and go to state 42

state 76

    (44) expression -> expression LE . expression
    (34) expression -> . expression PLUS expression
    (35) expression -> . expression MINUS expression
    (36) expression -> . expression TIMES expression
    (37) expression -> . expression DIVIDE expression
    (38) expression -> . expression MODULO expression
    (39) expression -> . expression OR expression
    (40) expression -> . expression AND expression
    (41) expression -> . expression EQ expression
    (42) expression -> . expression NE expression
    (43) expression -> . expression LT expression
    (44) expression -> . expression LE expression
    (45) expression -> . expression GT expression
    (46) expression -> . expression GE expression
    (47) expression -> . MINUS expression
    (48) expression -> . NOT expression
    (49) expression -> . factor
    (61) factor -> . INTEGER
    (62) factor -> . FLOAT
    (63) factor -> . STRING_LITERAL
    (64) factor -> . RAW_STRING
    (65) factor -> . BOOL_LITERAL
    (66) factor -> . ID
    (67) factor -> . ID DOT ID LPAREN arg_list RPAREN
    (68) factor -> . LPAREN expression RPAREN

    MINUS           shift and go to state 40
    NOT             shift and go to state 41
    INTEGER         shift and go to state 43
    FLOAT           shift and go to state 44
    STRING_LITERAL  shift and go to state 45
    RAW_STRING      shift and go to state 46
    BOOL_LITERAL    shift and go to state 47
    ID              shift and go to state 61
    LPAREN          shift and go to state 30

    expression                     shift and go to state 109
    factor                         shift and go to state 42

state 77

    (45) expression -> expression GT . expression
    (34) expression -> . expression PLUS expression
    (35) expression -> . expression MINUS expression
    (36) expression -> . expression TIMES expression
    (37) expression -> . expression DIVIDE expression
    (38) expression -> . expression MODULO expression
    (39) expression -> . expression OR expression
    (40) expression -> . expression AND expression
    (41) expression -> . expression EQ expression
    (42) expression -> . expression NE expression
    (43) expression -> . expression LT expression
    (44) expression -> . expression LE expression
    (45) expression -> . expression GT expression
    (46) expression -> . expression GE expression
    (47) expression -> . MINUS expression
    (48) expression -> . NOT expression
    (49) expression -> . factor
    (61) factor -> . INTEGER
    (62) factor -> . FLOAT
    (63) factor -> . STRING_LITERAL
    (64) factor -> . RAW_STRING
    (65) factor -> . BOOL_LITERAL
    (66) factor -> . ID
    (67) factor -> . ID DOT ID LPAREN arg_list RPAREN
    (68) factor -> . LPAREN expression RPAREN

    MINUS           shift and go to state 40
    NOT             shift and go to state 41
    INTEGER         shift and go to state 43
    FLOAT           shift and go to state 44
    STRING_LITERAL  shift and go to state 45
    RAW_STRING      shift and go to state 46
    BOOL_LITERAL    shift and go to state 47
    ID              shift and go to state 61
    LPAREN          shift and go to state 30

    expression                     shift and go to state 110
    factor                         shift and go to state 42

state 78

    (46) expression -> expression GE . expression
    (34) expression -> . expression PLUS expression
    (35) expression -> . expression MINUS expression
    (36) expression -> . expression TIMES expression
    (37) expression -> . expression DIVIDE expression
    (38) expression -> . expression MODULO expression
    (39) expression -> . expression OR expression
    (40) expression -> . expression AND expression
    (41) expression -> . expression EQ expression
    (42) expression -> . expression NE expression
    (43) expression -> . expression LT expression
    (44) expression -> . expression LE expression
    (45) expression -> . expression GT expression
    (46) expression -> . expression GE expression
    (47) expression -> . MINUS expression
    (48) expression -> . NOT expression
    (49) expression -> . factor
    (61) factor -> . INTEGER
    (62) factor -> . FLOAT
    (63) factor -> . STRING_LITERAL
    (64) factor -> . RAW_STRING
    (65) factor -> . BOOL_LITERAL
    (66) factor -> . ID
    (67) factor -> . ID DOT ID LPAREN arg_list RPAREN
    (68) factor -> . LPAREN expression RPAREN

    MINUS           shift and go to state 40
    NOT             shift and go to state 41
    INTEGER         shift and go to state 43
    FLOAT           shift and go to state 44
    STRING_LITERAL  shift and go to state 45
    RAW_STRING      shift and go to state 46
    BOOL_LITERAL    shift and go to state 47
    ID              shift and go to state 61
    LPAREN          shift and go to state 30

    expression                     shift and go to state 111
    factor                         shift and go to state 42

state 79

    (59) SEMI_OPTIONAL -> SEMI .

    VAR             reduce using rule 59 (SEMI_OPTIONAL -> SEMI .)
    ID              reduce using rule 59 (SEMI_OPTIONAL -> SEMI .)
    SEMI            reduce using rule 59 (SEMI_OPTIONAL -> SEMI .)
    IF              reduce using rule 59 (SEMI_OPTIONAL -> SEMI .)
    MINUS           reduce using rule 59 (SEMI_OPTIONAL -> SEMI .)
    NOT             reduce using rule 59 (SEMI_OPTIONAL -> SEMI .)
    INTEGER         reduce using rule 59 (SEMI_OPTIONAL -> SEMI .)
    FLOAT           reduce using rule 59 (SEMI_OPTIONAL -> SEMI .)
    STRING_LITERAL  reduce using rule 59 (SEMI_OPTIONAL -> SEMI .)
    RAW_STRING      reduce using rule 59 (SEMI_OPTIONAL -> SEMI .)
    BOOL_LITERAL    reduce using rule 59 (SEMI_OPTIONAL -> SEMI .)
    LPAREN          reduce using rule 59 (SEMI_OPTIONAL -> SEMI .)
    RBRACE          reduce using rule 59 (SEMI_OPTIONAL -> SEMI .)


state 80

    (60) SEMI_OPTIONAL -> empty .

    VAR             reduce using rule 60 (SEMI_OPTIONAL -> empty .)
    ID              reduce using rule 60 (SEMI_OPTIONAL -> empty .)
    SEMI            reduce using rule 60 (SEMI_OPTIONAL -> empty .)
    IF              reduce using rule 60 (SEMI_OPTIONAL -> empty .)
    MINUS           reduce using rule 60 (SEMI_OPTIONAL -> empty .)
    NOT             reduce using rule 60 (SEMI_OPTIONAL -> empty .)
    INTEGER         reduce using rule 60 (SEMI_OPTIONAL -> empty .)
    FLOAT           reduce using rule 60 (SEMI_OPTIONAL -> empty .)
    STRING_LITERAL  reduce using rule 60 (SEMI_OPTIONAL -> empty .)
    RAW_STRING      reduce using rule 60 (SEMI_OPTIONAL -> empty .)
    BOOL_LITERAL    reduce using rule 60 (SEMI_OPTIONAL -> empty .)
    LPAREN          reduce using rule 60 (SEMI_OPTIONAL -> empty .)
    RBRACE          reduce using rule 60 (SEMI_OPTIONAL -> empty .)


state 81

    (20) statement -> assign_statement SEMI_OPTIONAL .

    VAR             reduce using rule 20 (statement -> assign_statement SEMI_OPTIONAL .)
    ID              reduce using rule 20 (statement -> assign_statement SEMI_OPTIONAL .)
    SEMI            reduce using rule 20 (statement -> assign_statement SEMI_OPTIONAL .)
    IF              reduce using rule 20 (statement -> assign_statement SEMI_OPTIONAL .)
    MINUS           reduce using rule 20 (statement -> assign_statement SEMI_OPTIONAL .)
    NOT             reduce using rule 20 (statement -> assign_statement SEMI_OPTIONAL .)
    INTEGER         reduce using rule 20 (statement -> assign_statement SEMI_OPTIONAL .)
    FLOAT           reduce using rule 20 (statement -> assign_statement SEMI_OPTIONAL .)
    STRING_LITERAL  reduce using rule 20 (statement -> assign_statement SEMI_OPTIONAL .)
    RAW_STRING      reduce using rule 20 (statement -> assign_statement SEMI_OPTIONAL .)
    BOOL_LITERAL    reduce using rule 20 (statement -> assign_statement SEMI_OPTIONAL .)
    LPAREN          reduce using rule 20 (statement -> assign_statement SEMI_OPTIONAL .)
    RBRACE          reduce using rule 20 (statement -> assign_statement SEMI_OPTIONAL .)


state 82

    (28) control_structure -> IF expression . LBRACE statement_list RBRACE else_part
    (34) expression -> expression . PLUS expression
    (35) expression -> expression . MINUS expression
    (36) expression -> expression . TIMES expression
    (37) expression -> expression . DIVIDE expression
    (38) expression -> expression . MODULO expression
    (39) expression -> expression . OR expression
    (40) expression -> expression . AND expression
    (41) expression -> expression . EQ expression
    (42) expression -> expression . NE expression
    (43) expression -> expression . LT expression
    (44) expression -> expression . LE expression
    (45) expression -> expression . GT expression
    (46) expression -> expression . GE expression

    LBRACE          shift and go to state 112
    PLUS            shift and go to state 66
    MINUS           shift and go to state 67
    TIMES           shift and go to state 68
    DIVIDE          shift and go to state 69
    MODULO          shift and go to state 70
    OR              shift and go to state 71
    AND             shift and go to state 72
    EQ              shift and go to state 73
    NE              shift and go to state 74
    LT              shift and go to state 75
    LE              shift and go to state 76
    GT              shift and go to state 77
    GE              shift and go to state 78


state 83

    (47) expression -> MINUS expression .
    (34) expression -> expression . PLUS expression
    (35) expression -> expression . MINUS expression
    (36) expression -> expression . TIMES expression
    (37) expression -> expression . DIVIDE expression
    (38) expression -> expression . MODULO expression
    (39) expression -> expression . OR expression
    (40) expression -> expression . AND expression
    (41) expression -> expression . EQ expression
    (42) expression -> expression . NE expression
    (43) expression -> expression . LT expression
    (44) expression -> expression . LE expression
    (45) expression -> expression . GT expression
    (46) expression -> expression . GE expression

    PLUS            reduce using rule 47 (expression -> MINUS expression .)
    MINUS           reduce using rule 47 (expression -> MINUS expression .)
    TIMES           reduce using rule 47 (expression -> MINUS expression .)
    DIVIDE          reduce using rule 47 (expression -> MINUS expression .)
    MODULO          reduce using rule 47 (expression -> MINUS expression .)
    OR              reduce using rule 47 (expression -> MINUS expression .)
    AND             reduce using rule 47 (expression -> MINUS expression .)
    EQ              reduce using rule 47 (expression -> MINUS expression .)
    NE              reduce using rule 47 (expression -> MINUS expression .)
    LT              reduce using rule 47 (expression -> MINUS expression .)
    LE              reduce using rule 47 (expression -> MINUS expression .)
    GT              reduce using rule 47 (expression -> MINUS expression .)
    GE              reduce using rule 47 (expression -> MINUS expression .)
    SEMI            reduce using rule 47 (expression -> MINUS expression .)
    VAR             reduce using rule 47 (expression -> MINUS expression .)
    ID              reduce using rule 47 (expression -> MINUS expression .)
    IF              reduce using rule 47 (expression -> MINUS expression .)
    NOT             reduce using rule 47 (expression -> MINUS expression .)
    INTEGER         reduce using rule 47 (expression -> MINUS expression .)
    FLOAT           reduce using rule 47 (expression -> MINUS expression .)
    STRING_LITERAL  reduce using rule 47 (expression -> MINUS expression .)
    RAW_STRING      reduce using rule 47 (expression -> MINUS expression .)
    BOOL_LITERAL    reduce using rule 47 (expression -> MINUS expression .)
    LPAREN          reduce using rule 47 (expression -> MINUS expression .)
    RBRACE          reduce using rule 47 (expression -> MINUS expression .)
    RPAREN          reduce using rule 47 (expression -> MINUS expression .)
    LBRACE          reduce using rule 47 (expression -> MINUS expression .)
    COMMA           reduce using rule 47 (expression -> MINUS expression .)

  ! PLUS            [ shift and go to state 66 ]
  ! MINUS           [ shift and go to state 67 ]
  ! TIMES           [ shift and go to state 68 ]
  ! DIVIDE          [ shift and go to state 69 ]
  ! MODULO          [ shift and go to state 70 ]
  ! OR              [ shift and go to state 71 ]
  ! AND             [ shift and go to state 72 ]
  ! EQ              [ shift and go to state 73 ]
  ! NE              [ shift and go to state 74 ]
  ! LT              [ shift and go to state 75 ]
  ! LE              [ shift and go to state 76 ]
  ! GT              [ shift and go to state 77 ]
  ! GE              [ shift and go to state 78 ]


state 84

    (48) expression -> NOT expression .
    (34) expression -> expression . PLUS expression
    (35) expression -> expression . MINUS expression
    (36) expression -> expression . TIMES expression
    (37) expression -> expression . DIVIDE expression
    (38) expression -> expression . MODULO expression
    (39) expression -> expression . OR expression
    (40) expression -> expression . AND expression
    (41) expression -> expression . EQ expression
    (42) expression -> expression . NE expression
    (43) expression -> expression . LT expression
    (44) expression -> expression . LE expression
    (45) expression -> expression . GT expression
    (46) expression -> expression . GE expression

    PLUS            reduce using rule 48 (expression -> NOT expression .)
    MINUS           reduce using rule 48 (expression -> NOT expression .)
    TIMES           reduce using rule 48 (expression -> NOT expression .)
    DIVIDE          reduce using rule 48 (expression -> NOT expression .)
    MODULO          reduce using rule 48 (expression -> NOT expression .)
    OR              reduce using rule 48 (expression -> NOT expression .)
    AND             reduce using rule 48 (expression -> NOT expression .)
    EQ              reduce using rule 48 (expression -> NOT expression .)
    NE              reduce using rule 48 (expression -> NOT expression .)
    LT              reduce using rule 48 (expression -> NOT expression .)
    LE              reduce using rule 48 (expression -> NOT expression .)
    GT              reduce using rule 48 (expression -> NOT expression .)
    GE              reduce using rule 48 (expression -> NOT expression .)
    SEMI            reduce using rule 48 (expression -> NOT expression .)
    VAR             reduce using rule 48 (expression -> NOT expression .)
    ID              reduce using rule 48 (expression -> NOT expression .)
    IF              reduce using rule 48 (expression -> NOT expression .)
    NOT             reduce using rule 48 (expression -> NOT expression .)
    INTEGER         reduce using rule 48 (expression -> NOT expression .)
    FLOAT           reduce using rule 48 (expression -> NOT expression .)
    STRING_LITERAL  reduce using rule 48 (expression -> NOT expression .)
    RAW_STRING      reduce using rule 48 (expression -> NOT expression .)
    BOOL_LITERAL    reduce using rule 48 (expression -> NOT expression .)
    LPAREN          reduce using rule 48 (expression -> NOT expression .)
    RBRACE          reduce using rule 48 (expression -> NOT expression .)
    RPAREN          reduce using rule 48 (expression -> NOT expression .)
    LBRACE          reduce using rule 48 (expression -> NOT expression .)
    COMMA           reduce using rule 48 (expression -> NOT expression .)

  ! PLUS            [ shift and go to state 66 ]
  ! MINUS           [ shift and go to state 67 ]
  ! TIMES           [ shift and go to state 68 ]
  ! DIVIDE          [ shift and go to state 69 ]
  ! MODULO          [ shift and go to state 70 ]
  ! OR              [ shift and go to state 71 ]
  ! AND             [ shift and go to state 72 ]
  ! EQ              [ shift and go to state 73 ]
  ! NE              [ shift and go to state 74 ]
  ! LT              [ shift and go to state 75 ]
  ! LE              [ shift and go to state 76 ]
  ! GT              [ shift and go to state 77 ]
  ! GE              [ shift and go to state 78 ]


state 85

    (18) statement -> ID DECLARE_ASSIGN expression . SEMI_OPTIONAL
    (34) expression -> expression . PLUS expression
    (35) expression -> expression . MINUS expression
    (36) expression -> expression . TIMES expression
    (37) expression -> expression . DIVIDE expression
    (38) expression -> expression . MODULO expression
    (39) expression -> expression . OR expression
    (40) expression -> expression . AND expression
    (41) expression -> expression . EQ expression
    (42) expression -> expression . NE expression
    (43) expression -> expression . LT expression
    (44) expression -> expression . LE expression
    (45) expression -> expression . GT expression
    (46) expression -> expression . GE expression
    (59) SEMI_OPTIONAL -> . SEMI
    (60) SEMI_OPTIONAL -> . empty
    (69) empty -> .

  ! shift/reduce conflict for SEMI resolved as shift
  ! shift/reduce conflict for MINUS resolved as shift
    PLUS            shift and go to state 66
    MINUS           shift and go to state 67
    TIMES           shift and go to state 68
    DIVIDE          shift and go to state 69
    MODULO          shift and go to state 70
    OR              shift and go to state 71
    AND             shift and go to state 72
    EQ              shift and go to state 73
    NE              shift and go to state 74
    LT              shift and go to state 75
    LE              shift and go to state 76
    GT              shift and go to state 77
    GE              shift and go to state 78
    SEMI            shift and go to state 79
    VAR             reduce using rule 69 (empty -> .)
    ID              reduce using rule 69 (empty -> .)
    IF              reduce using rule 69 (empty -> .)
    NOT             reduce using rule 69 (empty -> .)
    INTEGER         reduce using rule 69 (empty -> .)
    FLOAT           reduce using rule 69 (empty -> .)
    STRING_LITERAL  reduce using rule 69 (empty -> .)
    RAW_STRING      reduce using rule 69 (empty -> .)
    BOOL_LITERAL    reduce using rule 69 (empty -> .)
    LPAREN          reduce using rule 69 (empty -> .)
    RBRACE          reduce using rule 69 (empty -> .)

  ! SEMI            [ reduce using rule 69 (empty -> .) ]
  ! MINUS           [ reduce using rule 69 (empty -> .) ]

    SEMI_OPTIONAL                  shift and go to state 113
    empty                          shift and go to state 80

state 86

    (19) statement -> ID ASSIGN expression . SEMI_OPTIONAL
    (34) expression -> expression . PLUS expression
    (35) expression -> expression . MINUS expression
    (36) expression -> expression . TIMES expression
    (37) expression -> expression . DIVIDE expression
    (38) expression -> expression . MODULO expression
    (39) expression -> expression . OR expression
    (40) expression -> expression . AND expression
    (41) expression -> expression . EQ expression
    (42) expression -> expression . NE expression
    (43) expression -> expression . LT expression
    (44) expression -> expression . LE expression
    (45) expression -> expression . GT expression
    (46) expression -> expression . GE expression
    (59) SEMI_OPTIONAL -> . SEMI
    (60) SEMI_OPTIONAL -> . empty
    (69) empty -> .

  ! shift/reduce conflict for SEMI resolved as shift
  ! shift/reduce conflict for MINUS resolved as shift
    PLUS            shift and go to state 66
    MINUS           shift and go to state 67
    TIMES           shift and go to state 68
    DIVIDE          shift and go to state 69
    MODULO          shift and go to state 70
    OR              shift and go to state 71
    AND             shift and go to state 72
    EQ              shift and go to state 73
    NE              shift and go to state 74
    LT              shift and go to state 75
    LE              shift and go to state 76
    GT              shift and go to state 77
    GE              shift and go to state 78
    SEMI            shift and go to state 79
    VAR             reduce using rule 69 (empty -> .)
    ID              reduce using rule 69 (empty -> .)
    IF              reduce using rule 69 (empty -> .)
    NOT             reduce using rule 69 (empty -> .)
    INTEGER         reduce using rule 69 (empty -> .)
    FLOAT           reduce using rule 69 (empty -> .)
    STRING_LITERAL  reduce using rule 69 (empty -> .)
    RAW_STRING      reduce using rule 69 (empty -> .)
    BOOL_LITERAL    reduce using rule 69 (empty -> .)
    LPAREN          reduce using rule 69 (empty -> .)
    RBRACE          reduce using rule 69 (empty -> .)

  ! SEMI            [ reduce using rule 69 (empty -> .) ]
  ! MINUS           [ reduce using rule 69 (empty -> .) ]

    SEMI_OPTIONAL                  shift and go to state 114
    empty                          shift and go to state 80

state 87

    (50) assign_statement -> ID LSHIFT_ASSIGN expression .
    (34) expression -> expression . PLUS expression
    (35) expression -> expression . MINUS expression
    (36) expression -> expression . TIMES expression
    (37) expression -> expression . DIVIDE expression
    (38) expression -> expression . MODULO expression
    (39) expression -> expression . OR expression
    (40) expression -> expression . AND expression
    (41) expression -> expression . EQ expression
    (42) expression -> expression . NE expression
    (43) expression -> expression . LT expression
    (44) expression -> expression . LE expression
    (45) expression -> expression . GT expression
    (46) expression -> expression . GE expression

  ! shift/reduce conflict for MINUS resolved as shift
    SEMI            reduce using rule 50 (assign_statement -> ID LSHIFT_ASSIGN expression .)
    VAR             reduce using rule 50 (assign_statement -> ID LSHIFT_ASSIGN expression .)
    ID              reduce using rule 50 (assign_statement -> ID LSHIFT_ASSIGN expression .)
    IF              reduce using rule 50 (assign_statement -> ID LSHIFT_ASSIGN expression .)
    NOT             reduce using rule 50 (assign_statement -> ID LSHIFT_ASSIGN expression .)
    INTEGER         reduce using rule 50 (assign_statement -> ID LSHIFT_ASSIGN expression .)
    FLOAT           reduce using rule 50 (assign_statement -> ID LSHIFT_ASSIGN expression .)
    STRING_LITERAL  reduce using rule 50 (assign_statement -> ID LSHIFT_ASSIGN expression .)
    RAW_STRING      reduce using rule 50 (assign_statement -> ID LSHIFT_ASSIGN expression .)
    BOOL_LITERAL    reduce using rule 50 (assign_statement -> ID LSHIFT_ASSIGN expression .)
    LPAREN          reduce using rule 50 (assign_statement -> ID LSHIFT_ASSIGN expression .)
    RBRACE          reduce using rule 50 (assign_statement -> ID LSHIFT_ASSIGN expression .)
    PLUS            shift and go to state 66
    MINUS           shift and go to state 67
    TIMES           shift and go to state 68
    DIVIDE          shift and go to state 69
    MODULO          shift and go to state 70
    OR              shift and go to state 71
    AND             shift and go to state 72
    EQ              shift and go to state 73
    NE              shift and go to state 74
    LT              shift and go to state 75
    LE              shift and go to state 76
    GT              shift and go to state 77
    GE              shift and go to state 78

  ! MINUS           [ reduce using rule 50 (assign_statement -> ID LSHIFT_ASSIGN expression .) ]


state 88

    (51) assign_statement -> ID PLUS_ASSIGN expression .
    (34) expression -> expression . PLUS expression
    (35) expression -> expression . MINUS expression
    (36) expression -> expression . TIMES expression
    (37) expression -> expression . DIVIDE expression
    (38) expression -> expression . MODULO expression
    (39) expression -> expression . OR expression
    (40) expression -> expression . AND expression
    (41) expression -> expression . EQ expression
    (42) expression -> expression . NE expression
    (43) expression -> expression . LT expression
    (44) expression -> expression . LE expression
    (45) expression -> expression . GT expression
    (46) expression -> expression . GE expression

  ! shift/reduce conflict for MINUS resolved as shift
    SEMI            reduce using rule 51 (assign_statement -> ID PLUS_ASSIGN expression .)
    VAR             reduce using rule 51 (assign_statement -> ID PLUS_ASSIGN expression .)
    ID              reduce using rule 51 (assign_statement -> ID PLUS_ASSIGN expression .)
    IF              reduce using rule 51 (assign_statement -> ID PLUS_ASSIGN expression .)
    NOT             reduce using rule 51 (assign_statement -> ID PLUS_ASSIGN expression .)
    INTEGER         reduce using rule 51 (assign_statement -> ID PLUS_ASSIGN expression .)
    FLOAT           reduce using rule 51 (assign_statement -> ID PLUS_ASSIGN expression .)
    STRING_LITERAL  reduce using rule 51 (assign_statement -> ID PLUS_ASSIGN expression .)
    RAW_STRING      reduce using rule 51 (assign_statement -> ID PLUS_ASSIGN expression .)
    BOOL_LITERAL    reduce using rule 51 (assign_statement -> ID PLUS_ASSIGN expression .)
    LPAREN          reduce using rule 51 (assign_statement -> ID PLUS_ASSIGN expression .)
    RBRACE          reduce using rule 51 (assign_statement -> ID PLUS_ASSIGN expression .)
    PLUS            shift and go to state 66
    MINUS           shift and go to state 67
    TIMES           shift and go to state 68
    DIVIDE          shift and go to state 69
    MODULO          shift and go to state 70
    OR              shift and go to state 71
    AND             shift and go to state 72
    EQ              shift and go to state 73
    NE              shift and go to state 74
    LT              shift and go to state 75
    LE              shift and go to state 76
    GT              shift and go to state 77
    GE              shift and go to state 78

  ! MINUS           [ reduce using rule 51 (assign_statement -> ID PLUS_ASSIGN expression .) ]


state 89

    (52) assign_statement -> ID MINUS_ASSIGN expression .
    (34) expression -> expression . PLUS expression
    (35) expression -> expression . MINUS expression
    (36) expression -> expression . TIMES expression
    (37) expression -> expression . DIVIDE expression
    (38) expression -> expression . MODULO expression
    (39) expression -> expression . OR expression
    (40) expression -> expression . AND expression
    (41) expression -> expression . EQ expression
    (42) expression -> expression . NE expression
    (43) expression -> expression . LT expression
    (44) expression -> expression . LE expression
    (45) expression -> expression . GT expression
    (46) expression -> expression . GE expression

  ! shift/reduce conflict for MINUS resolved as shift
    SEMI            reduce using rule 52 (assign_statement -> ID MINUS_ASSIGN expression .)
    VAR             reduce using rule 52 (assign_statement -> ID MINUS_ASSIGN expression .)
    ID              reduce using rule 52 (assign_statement -> ID MINUS_ASSIGN expression .)
    IF              reduce using rule 52 (assign_statement -> ID MINUS_ASSIGN expression .)
    NOT             reduce using rule 52 (assign_statement -> ID MINUS_ASSIGN expression .)
    INTEGER         reduce using rule 52 (assign_statement -> ID MINUS_ASSIGN expression .)
    FLOAT           reduce using rule 52 (assign_statement -> ID MINUS_ASSIGN expression .)
    STRING_LITERAL  reduce using rule 52 (assign_statement -> ID MINUS_ASSIGN expression .)
    RAW_STRING      reduce using rule 52 (assign_statement -> ID MINUS_ASSIGN expression .)
    BOOL_LITERAL    reduce using rule 52 (assign_statement -> ID MINUS_ASSIGN expression .)
    LPAREN          reduce using rule 52 (assign_statement -> ID MINUS_ASSIGN expression .)
    RBRACE          reduce using rule 52 (assign_statement -> ID MINUS_ASSIGN expression .)
    PLUS            shift and go to state 66
    MINUS           shift and go to state 67
    TIMES           shift and go to state 68
    DIVIDE          shift and go to state 69
    MODULO          shift and go to state 70
    OR              shift and go to state 71
    AND             shift and go to state 72
    EQ              shift and go to state 73
    NE              shift and go to state 74
    LT              shift and go to state 75
    LE              shift and go to state 76
    GT              shift and go to state 77
    GE              shift and go to state 78

  ! MINUS           [ reduce using rule 52 (assign_statement -> ID MINUS_ASSIGN expression .) ]


state 90

    (53) assign_statement -> ID TIMES_ASSIGN expression .
    (34) expression -> expression . PLUS expression
    (35) expression -> expression . MINUS expression
    (36) expression -> expression . TIMES expression
    (37) expression -> expression . DIVIDE expression
    (38) expression -> expression . MODULO expression
    (39) expression -> expression . OR expression
    (40) expression -> expression . AND expression
    (41) expression -> expression . EQ expression
    (42) expression -> expression . NE expression
    (43) expression -> expression . LT expression
    (44) expression -> expression . LE expression
    (45) expression -> expression . GT expression
    (46) expression -> expression . GE expression

  ! shift/reduce conflict for MINUS resolved as shift
    SEMI            reduce using rule 53 (assign_statement -> ID TIMES_ASSIGN expression .)
    VAR             reduce using rule 53 (assign_statement -> ID TIMES_ASSIGN expression .)
    ID              reduce using rule 53 (assign_statement -> ID TIMES_ASSIGN expression .)
    IF              reduce using rule 53 (assign_statement -> ID TIMES_ASSIGN expression .)
    NOT             reduce using rule 53 (assign_statement -> ID TIMES_ASSIGN expression .)
    INTEGER         reduce using rule 53 (assign_statement -> ID TIMES_ASSIGN expression .)
    FLOAT           reduce using rule 53 (assign_statement -> ID TIMES_ASSIGN expression .)
    STRING_LITERAL  reduce using rule 53 (assign_statement -> ID TIMES_ASSIGN expression .)
    RAW_STRING      reduce using rule 53 (assign_statement -> ID TIMES_ASSIGN expression .)
    BOOL_LITERAL    reduce using rule 53 (assign_statement -> ID TIMES_ASSIGN expression .)
    LPAREN          reduce using rule 53 (assign_statement -> ID TIMES_ASSIGN expression .)
    RBRACE          reduce using rule 53 (assign_statement -> ID TIMES_ASSIGN expression .)
    PLUS            shift and go to state 66
    MINUS           shift and go to state 67
    TIMES           shift and go to state 68
    DIVIDE          shift and go to state 69
    MODULO          shift and go to state 70
    OR              shift and go to state 71
    AND             shift and go to state 72
    EQ              shift and go to state 73
    NE              shift and go to state 74
    LT              shift and go to state 75
    LE              shift and go to state 76
    GT              shift and go to state 77
    GE              shift and go to state 78

  ! MINUS           [ reduce using rule 53 (assign_statement -> ID TIMES_ASSIGN expression .) ]


state 91

    (54) assign_statement -> ID DIVIDE_ASSIGN expression .
    (34) expression -> expression . PLUS expression
    (35) expression -> expression . MINUS expression
    (36) expression -> expression . TIMES expression
    (37) expression -> expression . DIVIDE expression
    (38) expression -> expression . MODULO expression
    (39) expression -> expression . OR expression
    (40) expression -> expression . AND expression
    (41) expression -> expression . EQ expression
    (42) expression -> expression . NE expression
    (43) expression -> expression . LT expression
    (44) expression -> expression . LE expression
    (45) expression -> expression . GT expression
    (46) expression -> expression . GE expression

  ! shift/reduce conflict for MINUS resolved as shift
    SEMI            reduce using rule 54 (assign_statement -> ID DIVIDE_ASSIGN expression .)
    VAR             reduce using rule 54 (assign_statement -> ID DIVIDE_ASSIGN expression .)
    ID              reduce using rule 54 (assign_statement -> ID DIVIDE_ASSIGN expression .)
    IF              reduce using rule 54 (assign_statement -> ID DIVIDE_ASSIGN expression .)
    NOT             reduce using rule 54 (assign_statement -> ID DIVIDE_ASSIGN expression .)
    INTEGER         reduce using rule 54 (assign_statement -> ID DIVIDE_ASSIGN expression .)
    FLOAT           reduce using rule 54 (assign_statement -> ID DIVIDE_ASSIGN expression .)
    STRING_LITERAL  reduce using rule 54 (assign_statement -> ID DIVIDE_ASSIGN expression .)
    RAW_STRING      reduce using rule 54 (assign_statement -> ID DIVIDE_ASSIGN expression .)
    BOOL_LITERAL    reduce using rule 54 (assign_statement -> ID DIVIDE_ASSIGN expression .)
    LPAREN          reduce using rule 54 (assign_statement -> ID DIVIDE_ASSIGN expression .)
    RBRACE          reduce using rule 54 (assign_statement -> ID DIVIDE_ASSIGN expression .)
    PLUS            shift and go to state 66
    MINUS           shift and go to state 67
    TIMES           shift and go to state 68
    DIVIDE          shift and go to state 69
    MODULO          shift and go to state 70
    OR              shift and go to state 71
    AND             shift and go to state 72
    EQ              shift and go to state 73
    NE              shift and go to state 74
    LT              shift and go to state 75
    LE              shift and go to state 76
    GT              shift and go to state 77
    GE              shift and go to state 78

  ! MINUS           [ reduce using rule 54 (assign_statement -> ID DIVIDE_ASSIGN expression .) ]


state 92

    (55) assign_statement -> ID MOD_ASSIGN expression .
    (34) expression -> expression . PLUS expression
    (35) expression -> expression . MINUS expression
    (36) expression -> expression . TIMES expression
    (37) expression -> expression . DIVIDE expression
    (38) expression -> expression . MODULO expression
    (39) expression -> expression . OR expression
    (40) expression -> expression . AND expression
    (41) expression -> expression . EQ expression
    (42) expression -> expression . NE expression
    (43) expression -> expression . LT expression
    (44) expression -> expression . LE expression
    (45) expression -> expression . GT expression
    (46) expression -> expression . GE expression

  ! shift/reduce conflict for MINUS resolved as shift
    SEMI            reduce using rule 55 (assign_statement -> ID MOD_ASSIGN expression .)
    VAR             reduce using rule 55 (assign_statement -> ID MOD_ASSIGN expression .)
    ID              reduce using rule 55 (assign_statement -> ID MOD_ASSIGN expression .)
    IF              reduce using rule 55 (assign_statement -> ID MOD_ASSIGN expression .)
    NOT             reduce using rule 55 (assign_statement -> ID MOD_ASSIGN expression .)
    INTEGER         reduce using rule 55 (assign_statement -> ID MOD_ASSIGN expression .)
    FLOAT           reduce using rule 55 (assign_statement -> ID MOD_ASSIGN expression .)
    STRING_LITERAL  reduce using rule 55 (assign_statement -> ID MOD_ASSIGN expression .)
    RAW_STRING      reduce using rule 55 (assign_statement -> ID MOD_ASSIGN expression .)
    BOOL_LITERAL    reduce using rule 55 (assign_statement -> ID MOD_ASSIGN expression .)
    LPAREN          reduce using rule 55 (assign_statement -> ID MOD_ASSIGN expression .)
    RBRACE          reduce using rule 55 (assign_statement -> ID MOD_ASSIGN expression .)
    PLUS            shift and go to state 66
    MINUS           shift and go to state 67
    TIMES           shift and go to state 68
    DIVIDE          shift and go to state 69
    MODULO          shift and go to state 70
    OR              shift and go to state 71
    AND             shift and go to state 72
    EQ              shift and go to state 73
    NE              shift and go to state 74
    LT              shift and go to state 75
    LE              shift and go to state 76
    GT              shift and go to state 77
    GE              shift and go to state 78

  ! MINUS           [ reduce using rule 55 (assign_statement -> ID MOD_ASSIGN expression .) ]


state 93

    (56) assign_statement -> ID AND_ASSIGN expression .
    (34) expression -> expression . PLUS expression
    (35) expression -> expression . MINUS expression
    (36) expression -> expression . TIMES expression
    (37) expression -> expression . DIVIDE expression
    (38) expression -> expression . MODULO expression
    (39) expression -> expression . OR expression
    (40) expression -> expression . AND expression
    (41) expression -> expression . EQ expression
    (42) expression -> expression . NE expression
    (43) expression -> expression . LT expression
    (44) expression -> expression . LE expression
    (45) expression -> expression . GT expression
    (46) expression -> expression . GE expression

  ! shift/reduce conflict for MINUS resolved as shift
    SEMI            reduce using rule 56 (assign_statement -> ID AND_ASSIGN expression .)
    VAR             reduce using rule 56 (assign_statement -> ID AND_ASSIGN expression .)
    ID              reduce using rule 56 (assign_statement -> ID AND_ASSIGN expression .)
    IF              reduce using rule 56 (assign_statement -> ID AND_ASSIGN expression .)
    NOT             reduce using rule 56 (assign_statement -> ID AND_ASSIGN expression .)
    INTEGER         reduce using rule 56 (assign_statement -> ID AND_ASSIGN expression .)
    FLOAT           reduce using rule 56 (assign_statement -> ID AND_ASSIGN expression .)
    STRING_LITERAL  reduce using rule 56 (assign_statement -> ID AND_ASSIGN expression .)
    RAW_STRING      reduce using rule 56 (assign_statement -> ID AND_ASSIGN expression .)
    BOOL_LITERAL    reduce using rule 56 (assign_statement -> ID AND_ASSIGN expression .)
    LPAREN          reduce using rule 56 (assign_statement -> ID AND_ASSIGN expression .)
    RBRACE          reduce using rule 56 (assign_statement -> ID AND_ASSIGN expression .)
    PLUS            shift and go to state 66
    MINUS           shift and go to state 67
    TIMES           shift and go to state 68
    DIVIDE          shift and go to state 69
    MODULO          shift and go to state 70
    OR              shift and go to state 71
    AND             shift and go to state 72
    EQ              shift and go to state 73
    NE              shift and go to state 74
    LT              shift and go to state 75
    LE              shift and go to state 76
    GT              shift and go to state 77
    GE              shift and go to state 78

  ! MINUS           [ reduce using rule 56 (assign_statement -> ID AND_ASSIGN expression .) ]


state 94

    (57) assign_statement -> ID OR_ASSIGN expression .
    (34) expression -> expression . PLUS expression
    (35) expression -> expression . MINUS expression
    (36) expression -> expression . TIMES expression
    (37) expression -> expression . DIVIDE expression
    (38) expression -> expression . MODULO expression
    (39) expression -> expression . OR expression
    (40) expression -> expression . AND expression
    (41) expression -> expression . EQ expression
    (42) expression -> expression . NE expression
    (43) expression -> expression . LT expression
    (44) expression -> expression . LE expression
    (45) expression -> expression . GT expression
    (46) expression -> expression . GE expression

  ! shift/reduce conflict for MINUS resolved as shift
    SEMI            reduce using rule 57 (assign_statement -> ID OR_ASSIGN expression .)
    VAR             reduce using rule 57 (assign_statement -> ID OR_ASSIGN expression .)
    ID              reduce using rule 57 (assign_statement -> ID OR_ASSIGN expression .)
    IF              reduce using rule 57 (assign_statement -> ID OR_ASSIGN expression .)
    NOT             reduce using rule 57 (assign_statement -> ID OR_ASSIGN expression .)
    INTEGER         reduce using rule 57 (assign_statement -> ID OR_ASSIGN expression .)
    FLOAT           reduce using rule 57 (assign_statement -> ID OR_ASSIGN expression .)
    STRING_LITERAL  reduce using rule 57 (assign_statement -> ID OR_ASSIGN expression .)
    RAW_STRING      reduce using rule 57 (assign_statement -> ID OR_ASSIGN expression .)
    BOOL_LITERAL    reduce using rule 57 (assign_statement -> ID OR_ASSIGN expression .)
    LPAREN          reduce using rule 57 (assign_statement -> ID OR_ASSIGN expression .)
    RBRACE          reduce using rule 57 (assign_statement -> ID OR_ASSIGN expression .)
    PLUS            shift and go to state 66
    MINUS           shift and go to state 67
    TIMES           shift and go to state 68
    DIVIDE          shift and go to state 69
    MODULO          shift and go to state 70
    OR              shift and go to state 71
    AND             shift and go to state 72
    EQ              shift and go to state 73
    NE              shift and go to state 74
    LT              shift and go to state 75
    LE              shift and go to state 76
    GT              shift and go to state 77
    GE              shift and go to state 78

  ! MINUS           [ reduce using rule 57 (assign_statement -> ID OR_ASSIGN expression .) ]


state 95

    (58) assign_statement -> ID XOR_ASSIGN expression .
    (34) expression -> expression . PLUS expression
    (35) expression -> expression . MINUS expression
    (36) expression -> expression . TIMES expression
    (37) expression -> expression . DIVIDE expression
    (38) expression -> expression . MODULO expression
    (39) expression -> expression . OR expression
    (40) expression -> expression . AND expression
    (41) expression -> expression . EQ expression
    (42) expression -> expression . NE expression
    (43) expression -> expression . LT expression
    (44) expression -> expression . LE expression
    (45) expression -> expression . GT expression
    (46) expression -> expression . GE expression

  ! shift/reduce conflict for MINUS resolved as shift
    SEMI            reduce using rule 58 (assign_statement -> ID XOR_ASSIGN expression .)
    VAR             reduce using rule 58 (assign_statement -> ID XOR_ASSIGN expression .)
    ID              reduce using rule 58 (assign_statement -> ID XOR_ASSIGN expression .)
    IF              reduce using rule 58 (assign_statement -> ID XOR_ASSIGN expression .)
    NOT             reduce using rule 58 (assign_statement -> ID XOR_ASSIGN expression .)
    INTEGER         reduce using rule 58 (assign_statement -> ID XOR_ASSIGN expression .)
    FLOAT           reduce using rule 58 (assign_statement -> ID XOR_ASSIGN expression .)
    STRING_LITERAL  reduce using rule 58 (assign_statement -> ID XOR_ASSIGN expression .)
    RAW_STRING      reduce using rule 58 (assign_statement -> ID XOR_ASSIGN expression .)
    BOOL_LITERAL    reduce using rule 58 (assign_statement -> ID XOR_ASSIGN expression .)
    LPAREN          reduce using rule 58 (assign_statement -> ID XOR_ASSIGN expression .)
    RBRACE          reduce using rule 58 (assign_statement -> ID XOR_ASSIGN expression .)
    PLUS            shift and go to state 66
    MINUS           shift and go to state 67
    TIMES           shift and go to state 68
    DIVIDE          shift and go to state 69
    MODULO          shift and go to state 70
    OR              shift and go to state 71
    AND             shift and go to state 72
    EQ              shift and go to state 73
    NE              shift and go to state 74
    LT              shift and go to state 75
    LE              shift and go to state 76
    GT              shift and go to state 77
    GE              shift and go to state 78

  ! MINUS           [ reduce using rule 58 (assign_statement -> ID XOR_ASSIGN expression .) ]


state 96

    (67) factor -> ID DOT ID . LPAREN arg_list RPAREN

    LPAREN          shift and go to state 115


state 97

    (68) factor -> LPAREN expression RPAREN .

    PLUS            reduce using rule 68 (factor -> LPAREN expression RPAREN .)
    MINUS           reduce using rule 68 (factor -> LPAREN expression RPAREN .)
    TIMES           reduce using rule 68 (factor -> LPAREN expression RPAREN .)
    DIVIDE          reduce using rule 68 (factor -> LPAREN expression RPAREN .)
    MODULO          reduce using rule 68 (factor -> LPAREN expression RPAREN .)
    OR              reduce using rule 68 (factor -> LPAREN expression RPAREN .)
    AND             reduce using rule 68 (factor -> LPAREN expression RPAREN .)
    EQ              reduce using rule 68 (factor -> LPAREN expression RPAREN .)
    NE              reduce using rule 68 (factor -> LPAREN expression RPAREN .)
    LT              reduce using rule 68 (factor -> LPAREN expression RPAREN .)
    LE              reduce using rule 68 (factor -> LPAREN expression RPAREN .)
    GT              reduce using rule 68 (factor -> LPAREN expression RPAREN .)
    GE              reduce using rule 68 (factor -> LPAREN expression RPAREN .)
    SEMI            reduce using rule 68 (factor -> LPAREN expression RPAREN .)
    VAR             reduce using rule 68 (factor -> LPAREN expression RPAREN .)
    ID              reduce using rule 68 (factor -> LPAREN expression RPAREN .)
    IF              reduce using rule 68 (factor -> LPAREN expression RPAREN .)
    NOT             reduce using rule 68 (factor -> LPAREN expression RPAREN .)
    INTEGER         reduce using rule 68 (factor -> LPAREN expression RPAREN .)
    FLOAT           reduce using rule 68 (factor -> LPAREN expression RPAREN .)
    STRING_LITERAL  reduce using rule 68 (factor -> LPAREN expression RPAREN .)
    RAW_STRING      reduce using rule 68 (factor -> LPAREN expression RPAREN .)
    BOOL_LITERAL    reduce using rule 68 (factor -> LPAREN expression RPAREN .)
    LPAREN          reduce using rule 68 (factor -> LPAREN expression RPAREN .)
    RBRACE          reduce using rule 68 (factor -> LPAREN expression RPAREN .)
    RPAREN          reduce using rule 68 (factor -> LPAREN expression RPAREN .)
    LBRACE          reduce using rule 68 (factor -> LPAREN expression RPAREN .)
    COMMA           reduce using rule 68 (factor -> LPAREN expression RPAREN .)


state 98

    (16) statement -> VAR ID type_spec . ASSIGN expression SEMI_OPTIONAL
    (17) statement -> VAR ID type_spec . SEMI_OPTIONAL
    (59) SEMI_OPTIONAL -> . SEMI
    (60) SEMI_OPTIONAL -> . empty
    (69) empty -> .

  ! shift/reduce conflict for SEMI resolved as shift
    ASSIGN          shift and go to state 116
    SEMI            shift and go to state 79
    VAR             reduce using rule 69 (empty -> .)
    ID              reduce using rule 69 (empty -> .)
    IF              reduce using rule 69 (empty -> .)
    MINUS           reduce using rule 69 (empty -> .)
    NOT             reduce using rule 69 (empty -> .)
    INTEGER         reduce using rule 69 (empty -> .)
    FLOAT           reduce using rule 69 (empty -> .)
    STRING_LITERAL  reduce using rule 69 (empty -> .)
    RAW_STRING      reduce using rule 69 (empty -> .)
    BOOL_LITERAL    reduce using rule 69 (empty -> .)
    LPAREN          reduce using rule 69 (empty -> .)
    RBRACE          reduce using rule 69 (empty -> .)

  ! SEMI            [ reduce using rule 69 (empty -> .) ]

    SEMI_OPTIONAL                  shift and go to state 117
    empty                          shift and go to state 80

state 99

    (34) expression -> expression PLUS expression .
    (34) expression -> expression . PLUS expression
    (35) expression -> expression . MINUS expression
    (36) expression -> expression . TIMES expression
    (37) expression -> expression . DIVIDE expression
    (38) expression -> expression . MODULO expression
    (39) expression -> expression . OR expression
    (40) expression -> expression . AND expression
    (41) expression -> expression . EQ expression
    (42) expression -> expression . NE expression
    (43) expression -> expression . LT expression
    (44) expression -> expression . LE expression
    (45) expression -> expression . GT expression
    (46) expression -> expression . GE expression

    PLUS            reduce using rule 34 (expression -> expression PLUS expression .)
    MINUS           reduce using rule 34 (expression -> expression PLUS expression .)
    OR              reduce using rule 34 (expression -> expression PLUS expression .)
    AND             reduce using rule 34 (expression -> expression PLUS expression .)
    EQ              reduce using rule 34 (expression -> expression PLUS expression .)
    NE              reduce using rule 34 (expression -> expression PLUS expression .)
    LT              reduce using rule 34 (expression -> expression PLUS expression .)
    LE              reduce using rule 34 (expression -> expression PLUS expression .)
    GT              reduce using rule 34 (expression -> expression PLUS expression .)
    GE              reduce using rule 34 (expression -> expression PLUS expression .)
    SEMI            reduce using rule 34 (expression -> expression PLUS expression .)
    VAR             reduce using rule 34 (expression -> expression PLUS expression .)
    ID              reduce using rule 34 (expression -> expression PLUS expression .)
    IF              reduce using rule 34 (expression -> expression PLUS expression .)
    NOT             reduce using rule 34 (expression -> expression PLUS expression .)
    INTEGER         reduce using rule 34 (expression -> expression PLUS expression .)
    FLOAT           reduce using rule 34 (expression -> expression PLUS expression .)
    STRING_LITERAL  reduce using rule 34 (expression -> expression PLUS expression .)
    RAW_STRING      reduce using rule 34 (expression -> expression PLUS expression .)
    BOOL_LITERAL    reduce using rule 34 (expression -> expression PLUS expression .)
    LPAREN          reduce using rule 34 (expression -> expression PLUS expression .)
    RBRACE          reduce using rule 34 (expression -> expression PLUS expression .)
    RPAREN          reduce using rule 34 (expression -> expression PLUS expression .)
    LBRACE          reduce using rule 34 (expression -> expression PLUS expression .)
    COMMA           reduce using rule 34 (expression -> expression PLUS expression .)
    TIMES           shift and go to state 68
    DIVIDE          shift and go to state 69
    MODULO          shift and go to state 70

  ! TIMES           [ reduce using rule 34 (expression -> expression PLUS expression .) ]
  ! DIVIDE          [ reduce using rule 34 (expression -> expression PLUS expression .) ]
  ! MODULO          [ reduce using rule 34 (expression -> expression PLUS expression .) ]
  ! PLUS            [ shift and go to state 66 ]
  ! MINUS           [ shift and go to state 67 ]
  ! OR              [ shift and go to state 71 ]
  ! AND             [ shift and go to state 72 ]
  ! EQ              [ shift and go to state 73 ]
  ! NE              [ shift and go to state 74 ]
  ! LT              [ shift and go to state 75 ]
  ! LE              [ shift and go to state 76 ]
  ! GT              [ shift and go to state 77 ]
  ! GE              [ shift and go to state 78 ]


state 100

    (35) expression -> expression MINUS expression .
    (34) expression -> expression . PLUS expression
    (35) expression -> expression . MINUS expression
    (36) expression -> expression . TIMES expression
    (37) expression -> expression . DIVIDE expression
    (38) expression -> expression . MODULO expression
    (39) expression -> expression . OR expression
    (40) expression -> expression . AND expression
    (41) expression -> expression . EQ expression
    (42) expression -> expression . NE expression
    (43) expression -> expression . LT expression
    (44) expression -> expression . LE expression
    (45) expression -> expression . GT expression
    (46) expression -> expression . GE expression

    PLUS            reduce using rule 35 (expression -> expression MINUS expression .)
    MINUS           reduce using rule 35 (expression -> expression MINUS expression .)
    OR              reduce using rule 35 (expression -> expression MINUS expression .)
    AND             reduce using rule 35 (expression -> expression MINUS expression .)
    EQ              reduce using rule 35 (expression -> expression MINUS expression .)
    NE              reduce using rule 35 (expression -> expression MINUS expression .)
    LT              reduce using rule 35 (expression -> expression MINUS expression .)
    LE              reduce using rule 35 (expression -> expression MINUS expression .)
    GT              reduce using rule 35 (expression -> expression MINUS expression .)
    GE              reduce using rule 35 (expression -> expression MINUS expression .)
    SEMI            reduce using rule 35 (expression -> expression MINUS expression .)
    VAR             reduce using rule 35 (expression -> expression MINUS expression .)
    ID              reduce using rule 35 (expression -> expression MINUS expression .)
    IF              reduce using rule 35 (expression -> expression MINUS expression .)
    NOT             reduce using rule 35 (expression -> expression MINUS expression .)
    INTEGER         reduce using rule 35 (expression -> expression MINUS expression .)
    FLOAT           reduce using rule 35 (expression -> expression MINUS expression .)
    STRING_LITERAL  reduce using rule 35 (expression -> expression MINUS expression .)
    RAW_STRING      reduce using rule 35 (expression -> expression MINUS expression .)
    BOOL_LITERAL    reduce using rule 35 (expression -> expression MINUS expression .)
    LPAREN          reduce using rule 35 (expression -> expression MINUS expression .)
    RBRACE          reduce using rule 35 (expression -> expression MINUS expression .)
    RPAREN          reduce using rule 35 (expression -> expression MINUS expression .)
    LBRACE          reduce using rule 35 (expression -> expression MINUS expression .)
    COMMA           reduce using rule 35 (expression -> expression MINUS expression .)
    TIMES           shift and go to state 68
    DIVIDE          shift and go to state 69
    MODULO          shift and go to state 70

  ! TIMES           [ reduce using rule 35 (expression -> expression MINUS expression .) ]
  ! DIVIDE          [ reduce using rule 35 (expression -> expression MINUS expression .) ]
  ! MODULO          [ reduce using rule 35 (expression -> expression MINUS expression .) ]
  ! PLUS            [ shift and go to state 66 ]
  ! MINUS           [ shift and go to state 67 ]
  ! OR              [ shift and go to state 71 ]
  ! AND             [ shift and go to state 72 ]
  ! EQ              [ shift and go to state 73 ]
  ! NE              [ shift and go to state 74 ]
  ! LT              [ shift and go to state 75 ]
  ! LE              [ shift and go to state 76 ]
  ! GT              [ shift and go to state 77 ]
  ! GE              [ shift and go to state 78 ]


state 101

    (36) expression -> expression TIMES expression .
    (34) expression -> expression . PLUS expression
    (35) expression -> expression . MINUS expression
    (36) expression -> expression . TIMES expression
    (37) expression -> expression . DIVIDE expression
    (38) expression -> expression . MODULO expression
    (39) expression -> expression . OR expression
    (40) expression -> expression . AND expression
    (41) expression -> expression . EQ expression
    (42) expression -> expression . NE expression
    (43) expression -> expression . LT expression
    (44) expression -> expression . LE expression
    (45) expression -> expression . GT expression
    (46) expression -> expression . GE expression

    PLUS            reduce using rule 36 (expression -> expression TIMES expression .)
    MINUS           reduce using rule 36 (expression -> expression TIMES expression .)
    TIMES           reduce using rule 36 (expression -> expression TIMES expression .)
    DIVIDE          reduce using rule 36 (expression -> expression TIMES expression .)
    MODULO          reduce using rule 36 (expression -> expression TIMES expression .)
    OR              reduce using rule 36 (expression -> expression TIMES expression .)
    AND             reduce using rule 36 (expression -> expression TIMES expression .)
    EQ              reduce using rule 36 (expression -> expression TIMES expression .)
    NE              reduce using rule 36 (expression -> expression TIMES expression .)
    LT              reduce using rule 36 (expression -> expression TIMES expression .)
    LE              reduce using rule 36 (expression -> expression TIMES expression .)
    GT              reduce using rule 36 (expression -> expression TIMES expression .)
    GE              reduce using rule 36 (expression -> expression TIMES expression .)
    SEMI            reduce using rule 36 (expression -> expression TIMES expression .)
    VAR             reduce using rule 36 (expression -> expression TIMES expression .)
    ID              reduce using rule 36 (expression -> expression TIMES expression .)
    IF              reduce using rule 36 (expression -> expression TIMES expression .)
    NOT             reduce using rule 36 (expression -> expression TIMES expression .)
    INTEGER         reduce using rule 36 (expression -> expression TIMES expression .)
    FLOAT           reduce using rule 36 (expression -> expression TIMES expression .)
    STRING_LITERAL  reduce using rule 36 (expression -> expression TIMES expression .)
    RAW_STRING      reduce using rule 36 (expression -> expression TIMES expression .)
    BOOL_LITERAL    reduce using rule 36 (expression -> expression TIMES expression .)
    LPAREN          reduce using rule 36 (expression -> expression TIMES expression .)
    RBRACE          reduce using rule 36 (expression -> expression TIMES expression .)
    RPAREN          reduce using rule 36 (expression -> expression TIMES expression .)
    LBRACE          reduce using rule 36 (expression -> expression TIMES expression .)
    COMMA           reduce using rule 36 (expression -> expression TIMES expression .)

  ! PLUS            [ shift and go to state 66 ]
  ! MINUS           [ shift and go to state 67 ]
  ! TIMES           [ shift and go to state 68 ]
  ! DIVIDE          [ shift and go to state 69 ]
  ! MODULO          [ shift and go to state 70 ]
  ! OR              [ shift and go to state 71 ]
  ! AND             [ shift and go to state 72 ]
  ! EQ              [ shift and go to state 73 ]
  ! NE              [ shift and go to state 74 ]
  ! LT              [ shift and go to state 75 ]
  ! LE              [ shift and go to state 76 ]
  ! GT              [ shift and go to state 77 ]
  ! GE              [ shift and go to state 78 ]


state 102

    (37) expression -> expression DIVIDE expression .
    (34) expression -> expression . PLUS expression
    (35) expression -> expression . MINUS expression
    (36) expression -> expression . TIMES expression
    (37) expression -> expression . DIVIDE expression
    (38) expression -> expression . MODULO expression
    (39) expression -> expression . OR expression
    (40) expression -> expression . AND expression
    (41) expression -> expression . EQ expression
    (42) expression -> expression . NE expression
    (43) expression -> expression . LT expression
    (44) expression -> expression . LE expression
    (45) expression -> expression . GT expression
    (46) expression -> expression . GE expression

    PLUS            reduce using rule 37 (expression -> expression DIVIDE expression .)
    MINUS           reduce using rule 37 (expression -> expression DIVIDE expression .)
    TIMES           reduce using rule 37 (expression -> expression DIVIDE expression .)
    DIVIDE          reduce using rule 37 (expression -> expression DIVIDE expression .)
    MODULO          reduce using rule 37 (expression -> expression DIVIDE expression .)
    OR              reduce using rule 37 (expression -> expression DIVIDE expression .)
    AND             reduce using rule 37 (expression -> expression DIVIDE expression .)
    EQ              reduce using rule 37 (expression -> expression DIVIDE expression .)
    NE              reduce using rule 37 (expression -> expression DIVIDE expression .)
    LT              reduce using rule 37 (expression -> expression DIVIDE expression .)
    LE              reduce using rule 37 (expression -> expression DIVIDE expression .)
    GT              reduce using rule 37 (expression -> expression DIVIDE expression .)
    GE              reduce using rule 37 (expression -> expression DIVIDE expression .)
    SEMI            reduce using rule 37 (expression -> expression DIVIDE expression .)
    VAR             reduce using rule 37 (expression -> expression DIVIDE expression .)
    ID              reduce using rule 37 (expression -> expression DIVIDE expression .)
    IF              reduce using rule 37 (expression -> expression DIVIDE expression .)
    NOT             reduce using rule 37 (expression -> expression DIVIDE expression .)
    INTEGER         reduce using rule 37 (expression -> expression DIVIDE expression .)
    FLOAT           reduce using rule 37 (expression -> expression DIVIDE expression .)
    STRING_LITERAL  reduce using rule 37 (expression -> expression DIVIDE expression .)
    RAW_STRING      reduce using rule 37 (expression -> expression DIVIDE expression .)
    BOOL_LITERAL    reduce using rule 37 (expression -> expression DIVIDE expression .)
    LPAREN          reduce using rule 37 (expression -> expression DIVIDE expression .)
    RBRACE          reduce using rule 37 (expression -> expression DIVIDE expression .)
    RPAREN          reduce using rule 37 (expression -> expression DIVIDE expression .)
    LBRACE          reduce using rule 37 (expression -> expression DIVIDE expression .)
    COMMA           reduce using rule 37 (expression -> expression DIVIDE expression .)

  ! PLUS            [ shift and go to state 66 ]
  ! MINUS           [ shift and go to state 67 ]
  ! TIMES           [ shift and go to state 68 ]
  ! DIVIDE          [ shift and go to state 69 ]
  ! MODULO          [ shift and go to state 70 ]
  ! OR              [ shift and go to state 71 ]
  ! AND             [ shift and go to state 72 ]
  ! EQ              [ shift and go to state 73 ]
  ! NE              [ shift and go to state 74 ]
  ! LT              [ shift and go to state 75 ]
  ! LE              [ shift and go to state 76 ]
  ! GT              [ shift and go to state 77 ]
  ! GE              [ shift and go to state 78 ]


state 103

    (38) expression -> expression MODULO expression .
    (34) expression -> expression . PLUS expression
    (35) expression -> expression . MINUS expression
    (36) expression -> expression . TIMES expression
    (37) expression -> expression . DIVIDE expression
    (38) expression -> expression . MODULO expression
    (39) expression -> expression . OR expression
    (40) expression -> expression . AND expression
    (41) expression -> expression . EQ expression
    (42) expression -> expression . NE expression
    (43) expression -> expression . LT expression
    (44) expression -> expression . LE expression
    (45) expression -> expression . GT expression
    (46) expression -> expression . GE expression

    PLUS            reduce using rule 38 (expression -> expression MODULO expression .)
    MINUS           reduce using rule 38 (expression -> expression MODULO expression .)
    TIMES           reduce using rule 38 (expression -> expression MODULO expression .)
    DIVIDE          reduce using rule 38 (expression -> expression MODULO expression .)
    MODULO          reduce using rule 38 (expression -> expression MODULO expression .)
    OR              reduce using rule 38 (expression -> expression MODULO expression .)
    AND             reduce using rule 38 (expression -> expression MODULO expression .)
    EQ              reduce using rule 38 (expression -> expression MODULO expression .)
    NE              reduce using rule 38 (expression -> expression MODULO expression .)
    LT              reduce using rule 38 (expression -> expression MODULO expression .)
    LE              reduce using rule 38 (expression -> expression MODULO expression .)
    GT              reduce using rule 38 (expression -> expression MODULO expression .)
    GE              reduce using rule 38 (expression -> expression MODULO expression .)
    SEMI            reduce using rule 38 (expression -> expression MODULO expression .)
    VAR             reduce using rule 38 (expression -> expression MODULO expression .)
    ID              reduce using rule 38 (expression -> expression MODULO expression .)
    IF              reduce using rule 38 (expression -> expression MODULO expression .)
    NOT             reduce using rule 38 (expression -> expression MODULO expression .)
    INTEGER         reduce using rule 38 (expression -> expression MODULO expression .)
    FLOAT           reduce using rule 38 (expression -> expression MODULO expression .)
    STRING_LITERAL  reduce using rule 38 (expression -> expression MODULO expression .)
    RAW_STRING      reduce using rule 38 (expression -> expression MODULO expression .)
    BOOL_LITERAL    reduce using rule 38 (expression -> expression MODULO expression .)
    LPAREN          reduce using rule 38 (expression -> expression MODULO expression .)
    RBRACE          reduce using rule 38 (expression -> expression MODULO expression .)
    RPAREN          reduce using rule 38 (expression -> expression MODULO expression .)
    LBRACE          reduce using rule 38 (expression -> expression MODULO expression .)
    COMMA           reduce using rule 38 (expression -> expression MODULO expression .)

  ! PLUS            [ shift and go to state 66 ]
  ! MINUS           [ shift and go to state 67 ]
  ! TIMES           [ shift and go to state 68 ]
  ! DIVIDE          [ shift and go to state 69 ]
  ! MODULO          [ shift and go to state 70 ]
  ! OR              [ shift and go to state 71 ]
  ! AND             [ shift and go to state 72 ]
  ! EQ              [ shift and go to state 73 ]
  ! NE              [ shift and go to state 74 ]
  ! LT              [ shift and go to state 75 ]
  ! LE              [ shift and go to state 76 ]
  ! GT              [ shift and go to state 77 ]
  ! GE              [ shift and go to state 78 ]


state 104

    (39) expression -> expression OR expression .
    (34) expression -> expression . PLUS expression
    (35) expression -> expression . MINUS expression
    (36) expression -> expression . TIMES expression
    (37) expression -> expression . DIVIDE expression
    (38) expression -> expression . MODULO expression
    (39) expression -> expression . OR expression
    (40) expression -> expression . AND expression
    (41) expression -> expression . EQ expression
    (42) expression -> expression . NE expression
    (43) expression -> expression . LT expression
    (44) expression -> expression . LE expression
    (45) expression -> expression . GT expression
    (46) expression -> expression . GE expression

    OR              reduce using rule 39 (expression -> expression OR expression .)
    SEMI            reduce using rule 39 (expression -> expression OR expression .)
    VAR             reduce using rule 39 (expression -> expression OR expression .)
    ID              reduce using rule 39 (expression -> expression OR expression .)
    IF              reduce using rule 39 (expression -> expression OR expression .)
    NOT             reduce using rule 39 (expression -> expression OR expression .)
    INTEGER         reduce using rule 39 (expression -> expression OR expression .)
    FLOAT           reduce using rule 39 (expression -> expression OR expression .)
    STRING_LITERAL  reduce using rule 39 (expression -> expression OR expression .)
    RAW_STRING      reduce using rule 39 (expression -> expression OR expression .)
    BOOL_LITERAL    reduce using rule 39 (expression -> expression OR expression .)
    LPAREN          reduce using rule 39 (expression -> expression OR expression .)
    RBRACE          reduce using rule 39 (expression -> expression OR expression .)
    RPAREN          reduce using rule 39 (expression -> expression OR expression .)
    LBRACE          reduce using rule 39 (expression -> expression OR expression .)
    COMMA           reduce using rule 39 (expression -> expression OR expression .)
    PLUS            shift and go to state 66
    MINUS           shift and go to state 67
    TIMES           shift and go to state 68
    DIVIDE          shift and go to state 69
    MODULO          shift and go to state 70
    AND             shift and go to state 72
    EQ              shift and go to state 73
    NE              shift and go to state 74
    LT              shift and go to state 75
    LE              shift and go to state 76
    GT              shift and go to state 77
    GE              shift and go to state 78

  ! PLUS            [ reduce using rule 39 (expression -> expression OR expression .) ]
  ! MINUS           [ reduce using rule 39 (expression -> expression OR expression .) ]
  ! TIMES           [ reduce using rule 39 (expression -> expression OR expression .) ]
  ! DIVIDE          [ reduce using rule 39 (expression -> expression OR expression .) ]
  ! MODULO          [ reduce using rule 39 (expression -> expression OR expression .) ]
  ! AND             [ reduce using rule 39 (expression -> expression OR expression .) ]
  ! EQ              [ reduce using rule 39 (expression -> expression OR expression .) ]
  ! NE              [ reduce using rule 39 (expression -> expression OR expression .) ]
  ! LT              [ reduce using rule 39 (expression -> expression OR expression .) ]
  ! LE              [ reduce using rule 39 (expression -> expression OR expression .) ]
  ! GT              [ reduce using rule 39 (expression -> expression OR expression .) ]
  ! GE              [ reduce using rule 39 (expression -> expression OR expression .) ]
  ! OR              [ shift and go to state 71 ]


state 105

    (40) expression -> expression AND expression .
    (34) expression -> expression . PLUS expression
    (35) expression -> expression . MINUS expression
    (36) expression -> expression . TIMES expression
    (37) expression -> expression . DIVIDE expression
    (38) expression -> expression . MODULO expression
    (39) expression -> expression . OR expression
    (40) expression -> expression . AND expression
    (41) expression -> expression . EQ expression
    (42) expression -> expression . NE expression
    (43) expression -> expression . LT expression
    (44) expression -> expression . LE expression
    (45) expression -> expression . GT expression
    (46) expression -> expression . GE expression

    OR              reduce using rule 40 (expression -> expression AND expression .)
    AND             reduce using rule 40 (expression -> expression AND expression .)
    SEMI            reduce using rule 40 (expression -> expression AND expression .)
    VAR             reduce using rule 40 (expression -> expression AND expression .)
    ID              reduce using rule 40 (expression -> expression AND expression .)
    IF              reduce using rule 40 (expression -> expression AND expression .)
    NOT             reduce using rule 40 (expression -> expression AND expression .)
    INTEGER         reduce using rule 40 (expression -> expression AND expression .)
    FLOAT           reduce using rule 40 (expression -> expression AND expression .)
    STRING_LITERAL  reduce using rule 40 (expression -> expression AND expression .)
    RAW_STRING      reduce using rule 40 (expression -> expression AND expression .)
    BOOL_LITERAL    reduce using rule 40 (expression -> expression AND expression .)
    LPAREN          reduce using rule 40 (expression -> expression AND expression .)
    RBRACE          reduce using rule 40 (expression -> expression AND expression .)
    RPAREN          reduce using rule 40 (expression -> expression AND expression .)
    LBRACE          reduce using rule 40 (expression -> expression AND expression .)
    COMMA           reduce using rule 40 (expression -> expression AND expression .)
    PLUS            shift and go to state 66
    MINUS           shift and go to state 67
    TIMES           shift and go to state 68
    DIVIDE          shift and go to state 69
    MODULO          shift and go to state 70
    EQ              shift and go to state 73
    NE              shift and go to state 74
    LT              shift and go to state 75
    LE              shift and go to state 76
    GT              shift and go to state 77
    GE              shift and go to state 78

  ! PLUS            [ reduce using rule 40 (expression -> expression AND expression .) ]
  ! MINUS           [ reduce using rule 40 (expression -> expression AND expression .) ]
  ! TIMES           [ reduce using rule 40 (expression -> expression AND expression .) ]
  ! DIVIDE          [ reduce using rule 40 (expression -> expression AND expression .) ]
  ! MODULO          [ reduce using rule 40 (expression -> expression AND expression .) ]
  ! EQ              [ reduce using rule 40 (expression -> expression AND expression .) ]
  ! NE              [ reduce using rule 40 (expression -> expression AND expression .) ]
  ! LT              [ reduce using rule 40 (expression -> expression AND expression .) ]
  ! LE              [ reduce using rule 40 (expression -> expression AND expression .) ]
  ! GT              [ reduce using rule 40 (expression -> expression AND expression .) ]
  ! GE              [ reduce using rule 40 (expression -> expression AND expression .) ]
  ! OR              [ shift and go to state 71 ]
  ! AND             [ shift and go to state 72 ]


state 106

    (41) expression -> expression EQ expression .
    (34) expression -> expression . PLUS expression
    (35) expression -> expression . MINUS expression
    (36) expression -> expression . TIMES expression
    (37) expression -> expression . DIVIDE expression
    (38) expression -> expression . MODULO expression
    (39) expression -> expression . OR expression
    (40) expression -> expression . AND expression
    (41) expression -> expression . EQ expression
    (42) expression -> expression . NE expression
    (43) expression -> expression . LT expression
    (44) expression -> expression . LE expression
    (45) expression -> expression . GT expression
    (46) expression -> expression . GE expression

    OR              reduce using rule 41 (expression -> expression EQ expression .)
    AND             reduce using rule 41 (expression -> expression EQ expression .)
    EQ              reduce using rule 41 (expression -> expression EQ expression .)
    NE              reduce using rule 41 (expression -> expression EQ expression .)
    LT              reduce using rule 41 (expression -> expression EQ expression .)
    LE              reduce using rule 41 (expression -> expression EQ expression .)
    GT              reduce using rule 41 (expression -> expression EQ expression .)
    GE              reduce using rule 41 (expression -> expression EQ expression .)
    SEMI            reduce using rule 41 (expression -> expression EQ expression .)
    VAR             reduce using rule 41 (expression -> expression EQ expression .)
    ID              reduce using rule 41 (expression -> expression EQ expression .)
    IF              reduce using rule 41 (expression -> expression EQ expression .)
    NOT             reduce using rule 41 (expression -> expression EQ expression .)
    INTEGER         reduce using rule 41 (expression -> expression EQ expression .)
    FLOAT           reduce using rule 41 (expression -> expression EQ expression .)
    STRING_LITERAL  reduce using rule 41 (expression -> expression EQ expression .)
    RAW_STRING      reduce using rule 41 (expression -> expression EQ expression .)
    BOOL_LITERAL    reduce using rule 41 (expression -> expression EQ expression .)
    LPAREN          reduce using rule 41 (expression -> expression EQ expression .)
    RBRACE          reduce using rule 41 (expression -> expression EQ expression .)
    RPAREN          reduce using rule 41 (expression -> expression EQ expression .)
    LBRACE          reduce using rule 41 (expression -> expression EQ expression .)
    COMMA           reduce using rule 41 (expression -> expression EQ expression .)
    PLUS            shift and go to state 66
    MINUS           shift and go to state 67
    TIMES           shift and go to state 68
    DIVIDE          shift and go to state 69
    MODULO          shift and go to state 70

  ! PLUS            [ reduce using rule 41 (expression -> expression EQ expression .) ]
  ! MINUS           [ reduce using rule 41 (expression -> expression EQ expression .) ]
  ! TIMES           [ reduce using rule 41 (expression -> expression EQ expression .) ]
  ! DIVIDE          [ reduce using rule 41 (expression -> expression EQ expression .) ]
  ! MODULO          [ reduce using rule 41 (expression -> expression EQ expression .) ]
  ! OR              [ shift and go to state 71 ]
  ! AND             [ shift and go to state 72 ]
  ! EQ              [ shift and go to state 73 ]
  ! NE              [ shift and go to state 74 ]
  ! LT              [ shift and go to state 75 ]
  ! LE              [ shift and go to state 76 ]
  ! GT              [ shift and go to state 77 ]
  ! GE              [ shift and go to state 78 ]


state 107

    (42) expression -> expression NE expression .
    (34) expression -> expression . PLUS expression
    (35) expression -> expression . MINUS expression
    (36) expression -> expression . TIMES expression
    (37) expression -> expression . DIVIDE expression
    (38) expression -> expression . MODULO expression
    (39) expression -> expression . OR expression
    (40) expression -> expression . AND expression
    (41) expression -> expression . EQ expression
    (42) expression -> expression . NE expression
    (43) expression -> expression . LT expression
    (44) expression -> expression . LE expression
    (45) expression -> expression . GT expression
    (46) expression -> expression . GE expression

    OR              reduce using rule 42 (expression -> expression NE expression .)
    AND             reduce using rule 42 (expression -> expression NE expression .)
    EQ              reduce using rule 42 (expression -> expression NE expression .)
    NE              reduce using rule 42 (expression -> expression NE expression .)
    LT              reduce using rule 42 (expression -> expression NE expression .)
    LE              reduce using rule 42 (expression -> expression NE expression .)
    GT              reduce using rule 42 (expression -> expression NE expression .)
    GE              reduce using rule 42 (expression -> expression NE expression .)
    SEMI            reduce using rule 42 (expression -> expression NE expression .)
    VAR             reduce using rule 42 (expression -> expression NE expression .)
    ID              reduce using rule 42 (expression -> expression NE expression .)
    IF              reduce using rule 42 (expression -> expression NE expression .)
    NOT             reduce using rule 42 (expression -> expression NE expression .)
    INTEGER         reduce using rule 42 (expression -> expression NE expression .)
    FLOAT           reduce using rule 42 (expression -> expression NE expression .)
    STRING_LITERAL  reduce using rule 42 (expression -> expression NE expression .)
    RAW_STRING      reduce using rule 42 (expression -> expression NE expression .)
    BOOL_LITERAL    reduce using rule 42 (expression -> expression NE expression .)
    LPAREN          reduce using rule 42 (expression -> expression NE expression .)
    RBRACE          reduce using rule 42 (expression -> expression NE expression .)
    RPAREN          reduce using rule 42 (expression -> expression NE expression .)
    LBRACE          reduce using rule 42 (expression -> expression NE expression .)
    COMMA           reduce using rule 42 (expression -> expression NE expression .)
    PLUS            shift and go to state 66
    MINUS           shift and go to state 67
    TIMES           shift and go to state 68
    DIVIDE          shift and go to state 69
    MODULO          shift and go to state 70

  ! PLUS            [ reduce using rule 42 (expression -> expression NE expression .) ]
  ! MINUS           [ reduce using rule 42 (expression -> expression NE expression .) ]
  ! TIMES           [ reduce using rule 42 (expression -> expression NE expression .) ]
  ! DIVIDE          [ reduce using rule 42 (expression -> expression NE expression .) ]
  ! MODULO          [ reduce using rule 42 (expression -> expression NE expression .) ]
  ! OR              [ shift and go to state 71 ]
  ! AND             [ shift and go to state 72 ]
  ! EQ              [ shift and go to state 73 ]
  ! NE              [ shift and go to state 74 ]
  ! LT              [ shift and go to state 75 ]
  ! LE              [ shift and go to state 76 ]
  ! GT              [ shift and go to state 77 ]
  ! GE              [ shift and go to state 78 ]


state 108

    (43) expression -> expression LT expression .
    (34) expression -> expression . PLUS expression
    (35) expression -> expression . MINUS expression
    (36) expression -> expression . TIMES expression
    (37) expression -> expression . DIVIDE expression
    (38) expression -> expression . MODULO expression
    (39) expression -> expression . OR expression
    (40) expression -> expression . AND expression
    (41) expression -> expression . EQ expression
    (42) expression -> expression . NE expression
    (43) expression -> expression . LT expression
    (44) expression -> expression . LE expression
    (45) expression -> expression . GT expression
    (46) expression -> expression . GE expression

    OR              reduce using rule 43 (expression -> expression LT expression .)
    AND             reduce using rule 43 (expression -> expression LT expression .)
    EQ              reduce using rule 43 (expression -> expression LT expression .)
    NE              reduce using rule 43 (expression -> expression LT expression .)
    LT              reduce using rule 43 (expression -> expression LT expression .)
    LE              reduce using rule 43 (expression -> expression LT expression .)
    GT              reduce using rule 43 (expression -> expression LT expression .)
    GE              reduce using rule 43 (expression -> expression LT expression .)
    SEMI            reduce using rule 43 (expression -> expression LT expression .)
    VAR             reduce using rule 43 (expression -> expression LT expression .)
    ID              reduce using rule 43 (expression -> expression LT expression .)
    IF              reduce using rule 43 (expression -> expression LT expression .)
    NOT             reduce using rule 43 (expression -> expression LT expression .)
    INTEGER         reduce using rule 43 (expression -> expression LT expression .)
    FLOAT           reduce using rule 43 (expression -> expression LT expression .)
    STRING_LITERAL  reduce using rule 43 (expression -> expression LT expression .)
    RAW_STRING      reduce using rule 43 (expression -> expression LT expression .)
    BOOL_LITERAL    reduce using rule 43 (expression -> expression LT expression .)
    LPAREN          reduce using rule 43 (expression -> expression LT expression .)
    RBRACE          reduce using rule 43 (expression -> expression LT expression .)
    RPAREN          reduce using rule 43 (expression -> expression LT expression .)
    LBRACE          reduce using rule 43 (expression -> expression LT expression .)
    COMMA           reduce using rule 43 (expression -> expression LT expression .)
    PLUS            shift and go to state 66
    MINUS           shift and go to state 67
    TIMES           shift and go to state 68
    DIVIDE          shift and go to state 69
    MODULO          shift and go to state 70

  ! PLUS            [ reduce using rule 43 (expression -> expression LT expression .) ]
  ! MINUS           [ reduce using rule 43 (expression -> expression LT expression .) ]
  ! TIMES           [ reduce using rule 43 (expression -> expression LT expression .) ]
  ! DIVIDE          [ reduce using rule 43 (expression -> expression LT expression .) ]
  ! MODULO          [ reduce using rule 43 (expression -> expression LT expression .) ]
  ! OR              [ shift and go to state 71 ]
  ! AND             [ shift and go to state 72 ]
  ! EQ              [ shift and go to state 73 ]
  ! NE              [ shift and go to state 74 ]
  ! LT              [ shift and go to state 75 ]
  ! LE              [ shift and go to state 76 ]
  ! GT              [ shift and go to state 77 ]
  ! GE              [ shift and go to state 78 ]


state 109

    (44) expression -> expression LE expression .
    (34) expression -> expression . PLUS expression
    (35) expression -> expression . MINUS expression
    (36) expression -> expression . TIMES expression
    (37) expression -> expression . DIVIDE expression
    (38) expression -> expression . MODULO expression
    (39) expression -> expression . OR expression
    (40) expression -> expression . AND expression
    (41) expression -> expression . EQ expression
    (42) expression -> expression . NE expression
    (43) expression -> expression . LT expression
    (44) expression -> expression . LE expression
    (45) expression -> expression . GT expression
    (46) expression -> expression . GE expression

    OR              reduce using rule 44 (expression -> expression LE expression .)
    AND             reduce using rule 44 (expression -> expression LE expression .)
    EQ              reduce using rule 44 (expression -> expression LE expression .)
    NE              reduce using rule 44 (expression -> expression LE expression .)
    LT              reduce using rule 44 (expression -> expression LE expression .)
    LE              reduce using rule 44 (expression -> expression LE expression .)
    GT              reduce using rule 44 (expression -> expression LE expression .)
    GE              reduce using rule 44 (expression -> expression LE expression .)
    SEMI            reduce using rule 44 (expression -> expression LE expression .)
    VAR             reduce using rule 44 (expression -> expression LE expression .)
    ID              reduce using rule 44 (expression -> expression LE expression .)
    IF              reduce using rule 44 (expression -> expression LE expression .)
    NOT             reduce using rule 44 (expression -> expression LE expression .)
    INTEGER         reduce using rule 44 (expression -> expression LE expression .)
    FLOAT           reduce using rule 44 (expression -> expression LE expression .)
    STRING_LITERAL  reduce using rule 44 (expression -> expression LE expression .)
    RAW_STRING      reduce using rule 44 (expression -> expression LE expression .)
    BOOL_LITERAL    reduce using rule 44 (expression -> expression LE expression .)
    LPAREN          reduce using rule 44 (expression -> expression LE expression .)
    RBRACE          reduce using rule 44 (expression -> expression LE expression .)
    RPAREN          reduce using rule 44 (expression -> expression LE expression .)
    LBRACE          reduce using rule 44 (expression -> expression LE expression .)
    COMMA           reduce using rule 44 (expression -> expression LE expression .)
    PLUS            shift and go to state 66
    MINUS           shift and go to state 67
    TIMES           shift and go to state 68
    DIVIDE          shift and go to state 69
    MODULO          shift and go to state 70

  ! PLUS            [ reduce using rule 44 (expression -> expression LE expression .) ]
  ! MINUS           [ reduce using rule 44 (expression -> expression LE expression .) ]
  ! TIMES           [ reduce using rule 44 (expression -> expression LE expression .) ]
  ! DIVIDE          [ reduce using rule 44 (expression -> expression LE expression .) ]
  ! MODULO          [ reduce using rule 44 (expression -> expression LE expression .) ]
  ! OR              [ shift and go to state 71 ]
  ! AND             [ shift and go to state 72 ]
  ! EQ              [ shift and go to state 73 ]
  ! NE              [ shift and go to state 74 ]
  ! LT              [ shift and go to state 75 ]
  ! LE              [ shift and go to state 76 ]
  ! GT              [ shift and go to state 77 ]
  ! GE              [ shift and go to state 78 ]


state 110

    (45) expression -> expression GT expression .
    (34) expression -> expression . PLUS expression
    (35) expression -> expression . MINUS expression
    (36) expression -> expression . TIMES expression
    (37) expression -> expression . DIVIDE expression
    (38) expression -> expression . MODULO expression
    (39) expression -> expression . OR expression
    (40) expression -> expression . AND expression
    (41) expression -> expression . EQ expression
    (42) expression -> expression . NE expression
    (43) expression -> expression . LT expression
    (44) expression -> expression . LE expression
    (45) expression -> expression . GT expression
    (46) expression -> expression . GE expression

    OR              reduce using rule 45 (expression -> expression GT expression .)
    AND             reduce using rule 45 (expression -> expression GT expression .)
    EQ              reduce using rule 45 (expression -> expression GT expression .)
    NE              reduce using rule 45 (expression -> expression GT expression .)
    LT              reduce using rule 45 (expression -> expression GT expression .)
    LE              reduce using rule 45 (expression -> expression GT expression .)
    GT              reduce using rule 45 (expression -> expression GT expression .)
    GE              reduce using rule 45 (expression -> expression GT expression .)
    SEMI            reduce using rule 45 (expression -> expression GT expression .)
    VAR             reduce using rule 45 (expression -> expression GT expression .)
    ID              reduce using rule 45 (expression -> expression GT expression .)
    IF              reduce using rule 45 (expression -> expression GT expression .)
    NOT             reduce using rule 45 (expression -> expression GT expression .)
    INTEGER         reduce using rule 45 (expression -> expression GT expression .)
    FLOAT           reduce using rule 45 (expression -> expression GT expression .)
    STRING_LITERAL  reduce using rule 45 (expression -> expression GT expression .)
    RAW_STRING      reduce using rule 45 (expression -> expression GT expression .)
    BOOL_LITERAL    reduce using rule 45 (expression -> expression GT expression .)
    LPAREN          reduce using rule 45 (expression -> expression GT expression .)
    RBRACE          reduce using rule 45 (expression -> expression GT expression .)
    RPAREN          reduce using rule 45 (expression -> expression GT expression .)
    LBRACE          reduce using rule 45 (expression -> expression GT expression .)
    COMMA           reduce using rule 45 (expression -> expression GT expression .)
    PLUS            shift and go to state 66
    MINUS           shift and go to state 67
    TIMES           shift and go to state 68
    DIVIDE          shift and go to state 69
    MODULO          shift and go to state 70

  ! PLUS            [ reduce using rule 45 (expression -> expression GT expression .) ]
  ! MINUS           [ reduce using rule 45 (expression -> expression GT expression .) ]
  ! TIMES           [ reduce using rule 45 (expression -> expression GT expression .) ]
  ! DIVIDE          [ reduce using rule 45 (expression -> expression GT expression .) ]
  ! MODULO          [ reduce using rule 45 (expression -> expression GT expression .) ]
  ! OR              [ shift and go to state 71 ]
  ! AND             [ shift and go to state 72 ]
  ! EQ              [ shift and go to state 73 ]
  ! NE              [ shift and go to state 74 ]
  ! LT              [ shift and go to state 75 ]
  ! LE              [ shift and go to state 76 ]
  ! GT              [ shift and go to state 77 ]
  ! GE              [ shift and go to state 78 ]


state 111

    (46) expression -> expression GE expression .
    (34) expression -> expression . PLUS expression
    (35) expression -> expression . MINUS expression
    (36) expression -> expression . TIMES expression
    (37) expression -> expression . DIVIDE expression
    (38) expression -> expression . MODULO expression
    (39) expression -> expression . OR expression
    (40) expression -> expression . AND expression
    (41) expression -> expression . EQ expression
    (42) expression -> expression . NE expression
    (43) expression -> expression . LT expression
    (44) expression -> expression . LE expression
    (45) expression -> expression . GT expression
    (46) expression -> expression . GE expression

    OR              reduce using rule 46 (expression -> expression GE expression .)
    AND             reduce using rule 46 (expression -> expression GE expression .)
    EQ              reduce using rule 46 (expression -> expression GE expression .)
    NE              reduce using rule 46 (expression -> expression GE expression .)
    LT              reduce using rule 46 (expression -> expression GE expression .)
    LE              reduce using rule 46 (expression -> expression GE expression .)
    GT              reduce using rule 46 (expression -> expression GE expression .)
    GE              reduce using rule 46 (expression -> expression GE expression .)
    SEMI            reduce using rule 46 (expression -> expression GE expression .)
    VAR             reduce using rule 46 (expression -> expression GE expression .)
    ID              reduce using rule 46 (expression -> expression GE expression .)
    IF              reduce using rule 46 (expression -> expression GE expression .)
    NOT             reduce using rule 46 (expression -> expression GE expression .)
    INTEGER         reduce using rule 46 (expression -> expression GE expression .)
    FLOAT           reduce using rule 46 (expression -> expression GE expression .)
    STRING_LITERAL  reduce using rule 46 (expression -> expression GE expression .)
    RAW_STRING      reduce using rule 46 (expression -> expression GE expression .)
    BOOL_LITERAL    reduce using rule 46 (expression -> expression GE expression .)
    LPAREN          reduce using rule 46 (expression -> expression GE expression .)
    RBRACE          reduce using rule 46 (expression -> expression GE expression .)
    RPAREN          reduce using rule 46 (expression -> expression GE expression .)
    LBRACE          reduce using rule 46 (expression -> expression GE expression .)
    COMMA           reduce using rule 46 (expression -> expression GE expression .)
    PLUS            shift and go to state 66
    MINUS           shift and go to state 67
    TIMES           shift and go to state 68
    DIVIDE          shift and go to state 69
    MODULO          shift and go to state 70

  ! PLUS            [ reduce using rule 46 (expression -> expression GE expression .) ]
  ! MINUS           [ reduce using rule 46 (expression -> expression GE expression .) ]
  ! TIMES           [ reduce using rule 46 (expression -> expression GE expression .) ]
  ! DIVIDE          [ reduce using rule 46 (expression -> expression GE expression .) ]
  ! MODULO          [ reduce using rule 46 (expression -> expression GE expression .) ]
  ! OR              [ shift and go to state 71 ]
  ! AND             [ shift and go to state 72 ]
  ! EQ              [ shift and go to state 73 ]
  ! NE              [ shift and go to state 74 ]
  ! LT              [ shift and go to state 75 ]
  ! LE              [ shift and go to state 76 ]
  ! GT              [ shift and go to state 77 ]
  ! GE              [ shift and go to state 78 ]


state 112

    (28) control_structure -> IF expression LBRACE . statement_list RBRACE else_part
    (14) statement_list -> . statement statement_list
    (15) statement_list -> . empty
    (16) statement -> . VAR ID type_spec ASSIGN expression SEMI_OPTIONAL
    (17) statement -> . VAR ID type_spec SEMI_OPTIONAL
    (18) statement -> . ID DECLARE_ASSIGN expression SEMI_OPTIONAL
    (19) statement -> . ID ASSIGN expression SEMI_OPTIONAL
    (20) statement -> . assign_statement SEMI_OPTIONAL
    (21) statement -> . control_structure
    (22) statement -> . expression SEMI_OPTIONAL
    (23) statement -> . SEMI
    (69) empty -> .
    (50) assign_statement -> . ID LSHIFT_ASSIGN expression
    (51) assign_statement -> . ID PLUS_ASSIGN expression
    (52) assign_statement -> . ID MINUS_ASSIGN expression
    (53) assign_statement -> . ID TIMES_ASSIGN expression
    (54) assign_statement -> . ID DIVIDE_ASSIGN expression
    (55) assign_statement -> . ID MOD_ASSIGN expression
    (56) assign_statement -> . ID AND_ASSIGN expression
    (57) assign_statement -> . ID OR_ASSIGN expression
    (58) assign_statement -> . ID XOR_ASSIGN expression
    (28) control_structure -> . IF expression LBRACE statement_list RBRACE else_part
    (34) expression -> . expression PLUS expression
    (35) expression -> . expression MINUS expression
    (36) expression -> . expression TIMES expression
    (37) expression -> . expression DIVIDE expression
    (38) expression -> . expression MODULO expression
    (39) expression -> . expression OR expression
    (40) expression -> . expression AND expression
    (41) expression -> . expression EQ expression
    (42) expression -> . expression NE expression
    (43) expression -> . expression LT expression
    (44) expression -> . expression LE expression
    (45) expression -> . expression GT expression
    (46) expression -> . expression GE expression
    (47) expression -> . MINUS expression
    (48) expression -> . NOT expression
    (49) expression -> . factor
    (61) factor -> . INTEGER
    (62) factor -> . FLOAT
    (63) factor -> . STRING_LITERAL
    (64) factor -> . RAW_STRING
    (65) factor -> . BOOL_LITERAL
    (66) factor -> . ID
    (67) factor -> . ID DOT ID LPAREN arg_list RPAREN
    (68) factor -> . LPAREN expression RPAREN

    VAR             shift and go to state 34
    ID              shift and go to state 29
    SEMI            shift and go to state 38
    RBRACE          reduce using rule 69 (empty -> .)
    IF              shift and go to state 39
    MINUS           shift and go to state 40
    NOT             shift and go to state 41
    INTEGER         shift and go to state 43
    FLOAT           shift and go to state 44
    STRING_LITERAL  shift and go to state 45
    RAW_STRING      shift and go to state 46
    BOOL_LITERAL    shift and go to state 47
    LPAREN          shift and go to state 30

    expression                     shift and go to state 35
    statement_list                 shift and go to state 118
    statement                      shift and go to state 32
    empty                          shift and go to state 33
    assign_statement               shift and go to state 36
    control_structure              shift and go to state 37
    factor                         shift and go to state 42

state 113

    (18) statement -> ID DECLARE_ASSIGN expression SEMI_OPTIONAL .

    VAR             reduce using rule 18 (statement -> ID DECLARE_ASSIGN expression SEMI_OPTIONAL .)
    ID              reduce using rule 18 (statement -> ID DECLARE_ASSIGN expression SEMI_OPTIONAL .)
    SEMI            reduce using rule 18 (statement -> ID DECLARE_ASSIGN expression SEMI_OPTIONAL .)
    IF              reduce using rule 18 (statement -> ID DECLARE_ASSIGN expression SEMI_OPTIONAL .)
    MINUS           reduce using rule 18 (statement -> ID DECLARE_ASSIGN expression SEMI_OPTIONAL .)
    NOT             reduce using rule 18 (statement -> ID DECLARE_ASSIGN expression SEMI_OPTIONAL .)
    INTEGER         reduce using rule 18 (statement -> ID DECLARE_ASSIGN expression SEMI_OPTIONAL .)
    FLOAT           reduce using rule 18 (statement -> ID DECLARE_ASSIGN expression SEMI_OPTIONAL .)
    STRING_LITERAL  reduce using rule 18 (statement -> ID DECLARE_ASSIGN expression SEMI_OPTIONAL .)
    RAW_STRING      reduce using rule 18 (statement -> ID DECLARE_ASSIGN expression SEMI_OPTIONAL .)
    BOOL_LITERAL    reduce using rule 18 (statement -> ID DECLARE_ASSIGN expression SEMI_OPTIONAL .)
    LPAREN          reduce using rule 18 (statement -> ID DECLARE_ASSIGN expression SEMI_OPTIONAL .)
    RBRACE          reduce using rule 18 (statement -> ID DECLARE_ASSIGN expression SEMI_OPTIONAL .)


state 114

    (19) statement -> ID ASSIGN expression SEMI_OPTIONAL .

    VAR             reduce using rule 19 (statement -> ID ASSIGN expression SEMI_OPTIONAL .)
    ID              reduce using rule 19 (statement -> ID ASSIGN expression SEMI_OPTIONAL .)
    SEMI            reduce using rule 19 (statement -> ID ASSIGN expression SEMI_OPTIONAL .)
    IF              reduce using rule 19 (statement -> ID ASSIGN expression SEMI_OPTIONAL .)
    MINUS           reduce using rule 19 (statement -> ID ASSIGN expression SEMI_OPTIONAL .)
    NOT             reduce using rule 19 (statement -> ID ASSIGN expression SEMI_OPTIONAL .)
    INTEGER         reduce using rule 19 (statement -> ID ASSIGN expression SEMI_OPTIONAL .)
    FLOAT           reduce using rule 19 (statement -> ID ASSIGN expression SEMI_OPTIONAL .)
    STRING_LITERAL  reduce using rule 19 (statement -> ID ASSIGN expression SEMI_OPTIONAL .)
    RAW_STRING      reduce using rule 19 (statement -> ID ASSIGN expression SEMI_OPTIONAL .)
    BOOL_LITERAL    reduce using rule 19 (statement -> ID ASSIGN expression SEMI_OPTIONAL .)
    LPAREN          reduce using rule 19 (statement -> ID ASSIGN expression SEMI_OPTIONAL .)
    RBRACE          reduce using rule 19 (statement -> ID ASSIGN expression SEMI_OPTIONAL .)


state 115

    (67) factor -> ID DOT ID LPAREN . arg_list RPAREN
    (31) arg_list -> . expression COMMA arg_list
    (32) arg_list -> . expression
    (33) arg_list -> . empty
    (34) expression -> . expression PLUS expression
    (35) expression -> . expression MINUS expression
    (36) expression -> . expression TIMES expression
    (37) expression -> . expression DIVIDE expression
    (38) expression -> . expression MODULO expression
    (39) expression -> . expression OR expression
    (40) expression -> . expression AND expression
    (41) expression -> . expression EQ expression
    (42) expression -> . expression NE expression
    (43) expression -> . expression LT expression
    (44) expression -> . expression LE expression
    (45) expression -> . expression GT expression
    (46) expression -> . expression GE expression
    (47) expression -> . MINUS expression
    (48) expression -> . NOT expression
    (49) expression -> . factor
    (69) empty -> .
    (61) factor -> . INTEGER
    (62) factor -> . FLOAT
    (63) factor -> . STRING_LITERAL
    (64) factor -> . RAW_STRING
    (65) factor -> . BOOL_LITERAL
    (66) factor -> . ID
    (67) factor -> . ID DOT ID LPAREN arg_list RPAREN
    (68) factor -> . LPAREN expression RPAREN

    MINUS           shift and go to state 40
    NOT             shift and go to state 41
    RPAREN          reduce using rule 69 (empty -> .)
    INTEGER         shift and go to state 43
    FLOAT           shift and go to state 44
    STRING_LITERAL  shift and go to state 45
    RAW_STRING      shift and go to state 46
    BOOL_LITERAL    shift and go to state 47
    ID              shift and go to state 61
    LPAREN          shift and go to state 30

    arg_list                       shift and go to state 119
    expression                     shift and go to state 120
    empty                          shift and go to state 121
    factor                         shift and go to state 42

state 116

    (16) statement -> VAR ID type_spec ASSIGN . expression SEMI_OPTIONAL
    (34) expression -> . expression PLUS expression
    (35) expression -> . expression MINUS expression
    (36) expression -> . expression TIMES expression
    (37) expression -> . expression DIVIDE expression
    (38) expression -> . expression MODULO expression
    (39) expression -> . expression OR expression
    (40) expression -> . expression AND expression
    (41) expression -> . expression EQ expression
    (42) expression -> . expression NE expression
    (43) expression -> . expression LT expression
    (44) expression -> . expression LE expression
    (45) expression -> . expression GT expression
    (46) expression -> . expression GE expression
    (47) expression -> . MINUS expression
    (48) expression -> . NOT expression
    (49) expression -> . factor
    (61) factor -> . INTEGER
    (62) factor -> . FLOAT
    (63) factor -> . STRING_LITERAL
    (64) factor -> . RAW_STRING
    (65) factor -> . BOOL_LITERAL
    (66) factor -> . ID
    (67) factor -> . ID DOT ID LPAREN arg_list RPAREN
    (68) factor -> . LPAREN expression RPAREN

    MINUS           shift and go to state 40
    NOT             shift and go to state 41
    INTEGER         shift and go to state 43
    FLOAT           shift and go to state 44
    STRING_LITERAL  shift and go to state 45
    RAW_STRING      shift and go to state 46
    BOOL_LITERAL    shift and go to state 47
    ID              shift and go to state 61
    LPAREN          shift and go to state 30

    expression                     shift and go to state 122
    factor                         shift and go to state 42

state 117

    (17) statement -> VAR ID type_spec SEMI_OPTIONAL .

    VAR             reduce using rule 17 (statement -> VAR ID type_spec SEMI_OPTIONAL .)
    ID              reduce using rule 17 (statement -> VAR ID type_spec SEMI_OPTIONAL .)
    SEMI            reduce using rule 17 (statement -> VAR ID type_spec SEMI_OPTIONAL .)
    IF              reduce using rule 17 (statement -> VAR ID type_spec SEMI_OPTIONAL .)
    MINUS           reduce using rule 17 (statement -> VAR ID type_spec SEMI_OPTIONAL .)
    NOT             reduce using rule 17 (statement -> VAR ID type_spec SEMI_OPTIONAL .)
    INTEGER         reduce using rule 17 (statement -> VAR ID type_spec SEMI_OPTIONAL .)
    FLOAT           reduce using rule 17 (statement -> VAR ID type_spec SEMI_OPTIONAL .)
    STRING_LITERAL  reduce using rule 17 (statement -> VAR ID type_spec SEMI_OPTIONAL .)
    RAW_STRING      reduce using rule 17 (statement -> VAR ID type_spec SEMI_OPTIONAL .)
    BOOL_LITERAL    reduce using rule 17 (statement -> VAR ID type_spec SEMI_OPTIONAL .)
    LPAREN          reduce using rule 17 (statement -> VAR ID type_spec SEMI_OPTIONAL .)
    RBRACE          reduce using rule 17 (statement -> VAR ID type_spec SEMI_OPTIONAL .)


state 118

    (28) control_structure -> IF expression LBRACE statement_list . RBRACE else_part

    RBRACE          shift and go to state 123


state 119

    (67) factor -> ID DOT ID LPAREN arg_list . RPAREN

    RPAREN          shift and go to state 124


state 120

    (31) arg_list -> expression . COMMA arg_list
    (32) arg_list -> expression .
    (34) expression -> expression . PLUS expression
    (35) expression -> expression . MINUS expression
    (36) expression -> expression . TIMES expression
    (37) expression -> expression . DIVIDE expression
    (38) expression -> expression . MODULO expression
    (39) expression -> expression . OR expression
    (40) expression -> expression . AND expression
    (41) expression -> expression . EQ expression
    (42) expression -> expression . NE expression
    (43) expression -> expression . LT expression
    (44) expression -> expression . LE expression
    (45) expression -> expression . GT expression
    (46) expression -> expression . GE expression

    COMMA           shift and go to state 125
    RPAREN          reduce using rule 32 (arg_list -> expression .)
    PLUS            shift and go to state 66
    MINUS           shift and go to state 67
    TIMES           shift and go to state 68
    DIVIDE          shift and go to state 69
    MODULO          shift and go to state 70
    OR              shift and go to state 71
    AND             shift and go to state 72
    EQ              shift and go to state 73
    NE              shift and go to state 74
    LT              shift and go to state 75
    LE              shift and go to state 76
    GT              shift and go to state 77
    GE              shift and go to state 78


state 121

    (33) arg_list -> empty .

    RPAREN          reduce using rule 33 (arg_list -> empty .)


state 122

    (16) statement -> VAR ID type_spec ASSIGN expression . SEMI_OPTIONAL
    (34) expression -> expression . PLUS expression
    (35) expression -> expression . MINUS expression
    (36) expression -> expression . TIMES expression
    (37) expression -> expression . DIVIDE expression
    (38) expression -> expression . MODULO expression
    (39) expression -> expression . OR expression
    (40) expression -> expression . AND expression
    (41) expression -> expression . EQ expression
    (42) expression -> expression . NE expression
    (43) expression -> expression . LT expression
    (44) expression -> expression . LE expression
    (45) expression -> expression . GT expression
    (46) expression -> expression . GE expression
    (59) SEMI_OPTIONAL -> . SEMI
    (60) SEMI_OPTIONAL -> . empty
    (69) empty -> .

  ! shift/reduce conflict for SEMI resolved as shift
  ! shift/reduce conflict for MINUS resolved as shift
    PLUS            shift and go to state 66
    MINUS           shift and go to state 67
    TIMES           shift and go to state 68
    DIVIDE          shift and go to state 69
    MODULO          shift and go to state 70
    OR              shift and go to state 71
    AND             shift and go to state 72
    EQ              shift and go to state 73
    NE              shift and go to state 74
    LT              shift and go to state 75
    LE              shift and go to state 76
    GT              shift and go to state 77
    GE              shift and go to state 78
    SEMI            shift and go to state 79
    VAR             reduce using rule 69 (empty -> .)
    ID              reduce using rule 69 (empty -> .)
    IF              reduce using rule 69 (empty -> .)
    NOT             reduce using rule 69 (empty -> .)
    INTEGER         reduce using rule 69 (empty -> .)
    FLOAT           reduce using rule 69 (empty -> .)
    STRING_LITERAL  reduce using rule 69 (empty -> .)
    RAW_STRING      reduce using rule 69 (empty -> .)
    BOOL_LITERAL    reduce using rule 69 (empty -> .)
    LPAREN          reduce using rule 69 (empty -> .)
    RBRACE          reduce using rule 69 (empty -> .)

  ! SEMI            [ reduce using rule 69 (empty -> .) ]
  ! MINUS           [ reduce using rule 69 (empty -> .) ]

    SEMI_OPTIONAL                  shift and go to state 126
    empty                          shift and go to state 80

state 123

    (28) control_structure -> IF expression LBRACE statement_list RBRACE . else_part
    (29) else_part -> . ELSE LBRACE statement_list RBRACE
    (30) else_part -> . empty
    (69) empty -> .

    ELSE            shift and go to state 128
    VAR             reduce using rule 69 (empty -> .)
    ID              reduce using rule 69 (empty -> .)
    SEMI            reduce using rule 69 (empty -> .)
    IF              reduce using rule 69 (empty -> .)
    MINUS           reduce using rule 69 (empty -> .)
    NOT             reduce using rule 69 (empty -> .)
    INTEGER         reduce using rule 69 (empty -> .)
    FLOAT           reduce using rule 69 (empty -> .)
    STRING_LITERAL  reduce using rule 69 (empty -> .)
    RAW_STRING      reduce using rule 69 (empty -> .)
    BOOL_LITERAL    reduce using rule 69 (empty -> .)
    LPAREN          reduce using rule 69 (empty -> .)
    RBRACE          reduce using rule 69 (empty -> .)

    else_part                      shift and go to state 127
    empty                          shift and go to state 129

state 124

    (67) factor -> ID DOT ID LPAREN arg_list RPAREN .

    PLUS            reduce using rule 67 (factor -> ID DOT ID LPAREN arg_list RPAREN .)
    MINUS           reduce using rule 67 (factor -> ID DOT ID LPAREN arg_list RPAREN .)
    TIMES           reduce using rule 67 (factor -> ID DOT ID LPAREN arg_list RPAREN .)
    DIVIDE          reduce using rule 67 (factor -> ID DOT ID LPAREN arg_list RPAREN .)
    MODULO          reduce using rule 67 (factor -> ID DOT ID LPAREN arg_list RPAREN .)
    OR              reduce using rule 67 (factor -> ID DOT ID LPAREN arg_list RPAREN .)
    AND             reduce using rule 67 (factor -> ID DOT ID LPAREN arg_list RPAREN .)
    EQ              reduce using rule 67 (factor -> ID DOT ID LPAREN arg_list RPAREN .)
    NE              reduce using rule 67 (factor -> ID DOT ID LPAREN arg_list RPAREN .)
    LT              reduce using rule 67 (factor -> ID DOT ID LPAREN arg_list RPAREN .)
    LE              reduce using rule 67 (factor -> ID DOT ID LPAREN arg_list RPAREN .)
    GT              reduce using rule 67 (factor -> ID DOT ID LPAREN arg_list RPAREN .)
    GE              reduce using rule 67 (factor -> ID DOT ID LPAREN arg_list RPAREN .)
    SEMI            reduce using rule 67 (factor -> ID DOT ID LPAREN arg_list RPAREN .)
    VAR             reduce using rule 67 (factor -> ID DOT ID LPAREN arg_list RPAREN .)
    ID              reduce using rule 67 (factor -> ID DOT ID LPAREN arg_list RPAREN .)
    IF              reduce using rule 67 (factor -> ID DOT ID LPAREN arg_list RPAREN .)
    NOT             reduce using rule 67 (factor -> ID DOT ID LPAREN arg_list RPAREN .)
    INTEGER         reduce using rule 67 (factor -> ID DOT ID LPAREN arg_list RPAREN .)
    FLOAT           reduce using rule 67 (factor -> ID DOT ID LPAREN arg_list RPAREN .)
    STRING_LITERAL  reduce using rule 67 (factor -> ID DOT ID LPAREN arg_list RPAREN .)
    RAW_STRING      reduce using rule 67 (factor -> ID DOT ID LPAREN arg_list RPAREN .)
    BOOL_LITERAL    reduce using rule 67 (factor -> ID DOT ID LPAREN arg_list RPAREN .)
    LPAREN          reduce using rule 67 (factor -> ID DOT ID LPAREN arg_list RPAREN .)
    RBRACE          reduce using rule 67 (factor -> ID DOT ID LPAREN arg_list RPAREN .)
    RPAREN          reduce using rule 67 (factor -> ID DOT ID LPAREN arg_list RPAREN .)
    LBRACE          reduce using rule 67 (factor -> ID DOT ID LPAREN arg_list RPAREN .)
    COMMA           reduce using rule 67 (factor -> ID DOT ID LPAREN arg_list RPAREN .)


state 125

    (31) arg_list -> expression COMMA . arg_list
    (31) arg_list -> . expression COMMA arg_list
    (32) arg_list -> . expression
    (33) arg_list -> . empty
    (34) expression -> . expression PLUS expression
    (35) expression -> . expression MINUS expression
    (36) expression -> . expression TIMES expression
    (37) expression -> . expression DIVIDE expression
    (38) expression -> . expression MODULO expression
    (39) expression -> . expression OR expression
    (40) expression -> . expression AND expression
    (41) expression -> . expression EQ expression
    (42) expression -> . expression NE expression
    (43) expression -> . expression LT expression
    (44) expression -> . expression LE expression
    (45) expression -> . expression GT expression
    (46) expression -> . expression GE expression
    (47) expression -> . MINUS expression
    (48) expression -> . NOT expression
    (49) expression -> . factor
    (69) empty -> .
    (61) factor -> . INTEGER
    (62) factor -> . FLOAT
    (63) factor -> . STRING_LITERAL
    (64) factor -> . RAW_STRING
    (65) factor -> . BOOL_LITERAL
    (66) factor -> . ID
    (67) factor -> . ID DOT ID LPAREN arg_list RPAREN
    (68) factor -> . LPAREN expression RPAREN

    MINUS           shift and go to state 40
    NOT             shift and go to state 41
    RPAREN          reduce using rule 69 (empty -> .)
    INTEGER         shift and go to state 43
    FLOAT           shift and go to state 44
    STRING_LITERAL  shift and go to state 45
    RAW_STRING      shift and go to state 46
    BOOL_LITERAL    shift and go to state 47
    ID              shift and go to state 61
    LPAREN          shift and go to state 30

    expression                     shift and go to state 120
    arg_list                       shift and go to state 130
    empty                          shift and go to state 121
    factor                         shift and go to state 42

state 126

    (16) statement -> VAR ID type_spec ASSIGN expression SEMI_OPTIONAL .

    VAR             reduce using rule 16 (statement -> VAR ID type_spec ASSIGN expression SEMI_OPTIONAL .)
    ID              reduce using rule 16 (statement -> VAR ID type_spec ASSIGN expression SEMI_OPTIONAL .)
    SEMI            reduce using rule 16 (statement -> VAR ID type_spec ASSIGN expression SEMI_OPTIONAL .)
    IF              reduce using rule 16 (statement -> VAR ID type_spec ASSIGN expression SEMI_OPTIONAL .)
    MINUS           reduce using rule 16 (statement -> VAR ID type_spec ASSIGN expression SEMI_OPTIONAL .)
    NOT             reduce using rule 16 (statement -> VAR ID type_spec ASSIGN expression SEMI_OPTIONAL .)
    INTEGER         reduce using rule 16 (statement -> VAR ID type_spec ASSIGN expression SEMI_OPTIONAL .)
    FLOAT           reduce using rule 16 (statement -> VAR ID type_spec ASSIGN expression SEMI_OPTIONAL .)
    STRING_LITERAL  reduce using rule 16 (statement -> VAR ID type_spec ASSIGN expression SEMI_OPTIONAL .)
    RAW_STRING      reduce using rule 16 (statement -> VAR ID type_spec ASSIGN expression SEMI_OPTIONAL .)
    BOOL_LITERAL    reduce using rule 16 (statement -> VAR ID type_spec ASSIGN expression SEMI_OPTIONAL .)
    LPAREN          reduce using rule 16 (statement -> VAR ID type_spec ASSIGN expression SEMI_OPTIONAL .)
    RBRACE          reduce using rule 16 (statement -> VAR ID type_spec ASSIGN expression SEMI_OPTIONAL .)


state 127

    (28) control_structure -> IF expression LBRACE statement_list RBRACE else_part .

    VAR             reduce using rule 28 (control_structure -> IF expression LBRACE statement_list RBRACE else_part .)
    ID              reduce using rule 28 (control_structure -> IF expression LBRACE statement_list RBRACE else_part .)
    SEMI            reduce using rule 28 (control_structure -> IF expression LBRACE statement_list RBRACE else_part .)
    IF              reduce using rule 28 (control_structure -> IF expression LBRACE statement_list RBRACE else_part .)
    MINUS           reduce using rule 28 (control_structure -> IF expression LBRACE statement_list RBRACE else_part .)
    NOT             reduce using rule 28 (control_structure -> IF expression LBRACE statement_list RBRACE else_part .)
    INTEGER         reduce using rule 28 (control_structure -> IF expression LBRACE statement_list RBRACE else_part .)
    FLOAT           reduce using rule 28 (control_structure -> IF expression LBRACE statement_list RBRACE else_part .)
    STRING_LITERAL  reduce using rule 28 (control_structure -> IF expression LBRACE statement_list RBRACE else_part .)
    RAW_STRING      reduce using rule 28 (control_structure -> IF expression LBRACE statement_list RBRACE else_part .)
    BOOL_LITERAL    reduce using rule 28 (control_structure -> IF expression LBRACE statement_list RBRACE else_part .)
    LPAREN          reduce using rule 28 (control_structure -> IF expression LBRACE statement_list RBRACE else_part .)
    RBRACE          reduce using rule 28 (control_structure -> IF expression LBRACE statement_list RBRACE else_part .)


state 128

    (29) else_part -> ELSE . LBRACE statement_list RBRACE

    LBRACE          shift and go to state 131


state 129

    (30) else_part -> empty .

    VAR             reduce using rule 30 (else_part -> empty .)
    ID              reduce using rule 30 (else_part -> empty .)
    SEMI            reduce using rule 30 (else_part -> empty .)
    IF              reduce using rule 30 (else_part -> empty .)
    MINUS           reduce using rule 30 (else_part -> empty .)
    NOT             reduce using rule 30 (else_part -> empty .)
    INTEGER         reduce using rule 30 (else_part -> empty .)
    FLOAT           reduce using rule 30 (else_part -> empty .)
    STRING_LITERAL  reduce using rule 30 (else_part -> empty .)
    RAW_STRING      reduce using rule 30 (else_part -> empty .)
    BOOL_LITERAL    reduce using rule 30 (else_part -> empty .)
    LPAREN          reduce using rule 30 (else_part -> empty .)
    RBRACE          reduce using rule 30 (else_part -> empty .)


state 130

    (31) arg_list -> expression COMMA arg_list .

    RPAREN          reduce using rule 31 (arg_list -> expression COMMA arg_list .)


state 131

    (29) else_part -> ELSE LBRACE . statement_list RBRACE
    (14) statement_list -> . statement statement_list
    (15) statement_list -> . empty
    (16) statement -> . VAR ID type_spec ASSIGN expression SEMI_OPTIONAL
    (17) statement -> . VAR ID type_spec SEMI_OPTIONAL
    (18) statement -> . ID DECLARE_ASSIGN expression SEMI_OPTIONAL
    (19) statement -> . ID ASSIGN expression SEMI_OPTIONAL
    (20) statement -> . assign_statement SEMI_OPTIONAL
    (21) statement -> . control_structure
    (22) statement -> . expression SEMI_OPTIONAL
    (23) statement -> . SEMI
    (69) empty -> .
    (50) assign_statement -> . ID LSHIFT_ASSIGN expression
    (51) assign_statement -> . ID PLUS_ASSIGN expression
    (52) assign_statement -> . ID MINUS_ASSIGN expression
    (53) assign_statement -> . ID TIMES_ASSIGN expression
    (54) assign_statement -> . ID DIVIDE_ASSIGN expression
    (55) assign_statement -> . ID MOD_ASSIGN expression
    (56) assign_statement -> . ID AND_ASSIGN expression
    (57) assign_statement -> . ID OR_ASSIGN expression
    (58) assign_statement -> . ID XOR_ASSIGN expression
    (28) control_structure -> . IF expression LBRACE statement_list RBRACE else_part
    (34) expression -> . expression PLUS expression
    (35) expression -> . expression MINUS expression
    (36) expression -> . expression TIMES expression
    (37) expression -> . expression DIVIDE expression
    (38) expression -> . expression MODULO expression
    (39) expression -> . expression OR expression
    (40) expression -> . expression AND expression
    (41) expression -> . expression EQ expression
    (42) expression -> . expression NE expression
    (43) expression -> . expression LT expression
    (44) expression -> . expression LE expression
    (45) expression -> . expression GT expression
    (46) expression -> . expression GE expression
    (47) expression -> . MINUS expression
    (48) expression -> . NOT expression
    (49) expression -> . factor
    (61) factor -> . INTEGER
    (62) factor -> . FLOAT
    (63) factor -> . STRING_LITERAL
    (64) factor -> . RAW_STRING
    (65) factor -> . BOOL_LITERAL
    (66) factor -> . ID
    (67) factor -> . ID DOT ID LPAREN arg_list RPAREN
    (68) factor -> . LPAREN expression RPAREN

    VAR             shift and go to state 34
    ID              shift and go to state 29
    SEMI            shift and go to state 38
    RBRACE          reduce using rule 69 (empty -> .)
    IF              shift and go to state 39
    MINUS           shift and go to state 40
    NOT             shift and go to state 41
    INTEGER         shift and go to state 43
    FLOAT           shift and go to state 44
    STRING_LITERAL  shift and go to state 45
    RAW_STRING      shift and go to state 46
    BOOL_LITERAL    shift and go to state 47
    LPAREN          shift and go to state 30

    statement_list                 shift and go to state 132
    statement                      shift and go to state 32
    empty                          shift and go to state 33
    expression                     shift and go to state 35
    assign_statement               shift and go to state 36
    control_structure              shift and go to state 37
    factor                         shift and go to state 42

state 132

    (29) else_part -> ELSE LBRACE statement_list . RBRACE

    RBRACE          shift and go to state 133


state 133

    (29) else_part -> ELSE LBRACE statement_list RBRACE .

    VAR             reduce using rule 29 (else_part -> ELSE LBRACE statement_list RBRACE .)
    ID              reduce using rule 29 (else_part -> ELSE LBRACE statement_list RBRACE .)
    SEMI            reduce using rule 29 (else_part -> ELSE LBRACE statement_list RBRACE .)
    IF              reduce using rule 29 (else_part -> ELSE LBRACE statement_list RBRACE .)
    MINUS           reduce using rule 29 (else_part -> ELSE LBRACE statement_list RBRACE .)
    NOT             reduce using rule 29 (else_part -> ELSE LBRACE statement_list RBRACE .)
    INTEGER         reduce using rule 29 (else_part -> ELSE LBRACE statement_list RBRACE .)
    FLOAT           reduce using rule 29 (else_part -> ELSE LBRACE statement_list RBRACE .)
    STRING_LITERAL  reduce using rule 29 (else_part -> ELSE LBRACE statement_list RBRACE .)
    RAW_STRING      reduce using rule 29 (else_part -> ELSE LBRACE statement_list RBRACE .)
    BOOL_LITERAL    reduce using rule 29 (else_part -> ELSE LBRACE statement_list RBRACE .)
    LPAREN          reduce using rule 29 (else_part -> ELSE LBRACE statement_list RBRACE .)
    RBRACE          reduce using rule 29 (else_part -> ELSE LBRACE statement_list RBRACE .)

WARNING: 
WARNING: Conflicts:
WARNING: 
WARNING: shift/reduce conflict for SEMI in state 35 resolved as shift
WARNING: shift/reduce conflict for MINUS in state 35 resolved as shift
WARNING: shift/reduce conflict for SEMI in state 36 resolved as shift
WARNING: shift/reduce conflict for SEMI in state 85 resolved as shift
WARNING: shift/reduce conflict for MINUS in state 85 resolved as shift
WARNING: shift/reduce conflict for SEMI in state 86 resolved as shift
WARNING: shift/reduce conflict for MINUS in state 86 resolved as shift
WARNING: shift/reduce conflict for MINUS in state 87 resolved as shift
WARNING: shift/reduce conflict for MINUS in state 88 resolved as shift
WARNING: shift/reduce conflict for MINUS in state 89 resolved as shift
WARNING: shift/reduce conflict for MINUS in state 90 resolved as shift
WARNING: shift/reduce conflict for MINUS in state 91 resolved as shift
WARNING: shift/reduce conflict for MINUS in state 92 resolved as shift
WARNING: shift/reduce conflict for MINUS in state 93 resolved as shift
WARNING: shift/reduce conflict for MINUS in state 94 resolved as shift
WARNING: shift/reduce conflict for MINUS in state 95 resolved as shift
WARNING: shift/reduce conflict for SEMI in state 98 resolved as shift
WARNING: shift/reduce conflict for SEMI in state 122 resolved as shift
WARNING: shift/reduce conflict for MINUS in state 122 resolved as shift
WARNING: reduce/reduce conflict in state 3 resolved using rule (top_declaration_list -> top_declaration)
WARNING: rejected rule (empty -> <empty>) in state 3
